route_id,route_short_name,route_long_name,direction_id,seq,stop_id,stop_name,lat,lon,km,length_km,nucleus_slug,nucleus_name,extra_LINEA,extra_ZONA
10T0001C1,C1,Principe Pio                            -Aeropuerto-T4,,0,10000,Madrid-Príncipe Pío,40.421489,-3.718969,0.000,22.501,madrid,Madrid,,
10T0001C1,C1,Principe Pio                            -Aeropuerto-T4,,1,18005,Pirámides,40.402534,-3.711362,2.204,22.501,madrid,Madrid,,
10T0001C1,C1,Principe Pio                            -Aeropuerto-T4,,2,18004,Delicias,40.400438,-3.692777,3.795,22.501,madrid,Madrid,,
10T0001C1,C1,Principe Pio                            -Aeropuerto-T4,,3,18003,Méndez álvaro P.v.,40.395777,-3.677844,5.161,22.501,madrid,Madrid,,
10T0001C1,C1,Principe Pio                            -Aeropuerto-T4,,4,18000,Madrid-Atocha Cercanías,40.406619,-3.689439,6.716,22.501,madrid,Madrid,,
10T0001C1,C1,Principe Pio                            -Aeropuerto-T4,,5,18001,Madrid-Recoletos,40.423373,-3.690931,8.584,22.501,madrid,Madrid,,
10T0001C1,C1,Principe Pio                            -Aeropuerto-T4,,6,18002,Madrid-Nuevos Ministerios,40.446627,-3.692347,11.172,22.501,madrid,Madrid,,
10T0001C1,C1,Principe Pio                            -Aeropuerto-T4,,7,17000,Madrid-Chamartín-Clara Campoamor,40.471179,-3.682952,14.015,22.501,madrid,Madrid,,
10T0001C1,C1,Principe Pio                            -Aeropuerto-T4,,8,98003,Fuente De La Mora,40.484720,-3.663061,16.273,22.501,madrid,Madrid,,
10T0001C1,C1,Principe Pio                            -Aeropuerto-T4,,9,98304,Valdebebas,40.482102,-3.616287,20.240,22.501,madrid,Madrid,,
10T0001C1,C1,Principe Pio                            -Aeropuerto-T4,,10,98305,Madrid-Aeropuerto T4,40.492402,-3.593230,22.501,22.501,madrid,Madrid,,
10T0002C1,C1,Aeropuerto-T4                           -Principe Pio,,0,98305,Madrid-Aeropuerto T4,40.492402,-3.593230,0.000,22.501,madrid,Madrid,,
10T0002C1,C1,Aeropuerto-T4                           -Principe Pio,,1,98304,Valdebebas,40.482102,-3.616287,2.261,22.501,madrid,Madrid,,
10T0002C1,C1,Aeropuerto-T4                           -Principe Pio,,2,98003,Fuente De La Mora,40.484720,-3.663061,6.228,22.501,madrid,Madrid,,
10T0002C1,C1,Aeropuerto-T4                           -Principe Pio,,3,17000,Madrid-Chamartín-Clara Campoamor,40.471179,-3.682952,8.486,22.501,madrid,Madrid,,
10T0002C1,C1,Aeropuerto-T4                           -Principe Pio,,4,18002,Madrid-Nuevos Ministerios,40.446627,-3.692347,11.329,22.501,madrid,Madrid,,
10T0002C1,C1,Aeropuerto-T4                           -Principe Pio,,5,18001,Madrid-Recoletos,40.423373,-3.690931,13.918,22.501,madrid,Madrid,,
10T0002C1,C1,Aeropuerto-T4                           -Principe Pio,,6,18000,Madrid-Atocha Cercanías,40.406619,-3.689439,15.785,22.501,madrid,Madrid,,
10T0002C1,C1,Aeropuerto-T4                           -Principe Pio,,7,18003,Méndez álvaro P.v.,40.395777,-3.677844,17.340,22.501,madrid,Madrid,,
10T0002C1,C1,Aeropuerto-T4                           -Principe Pio,,8,18004,Delicias,40.400438,-3.692777,18.706,22.501,madrid,Madrid,,
10T0002C1,C1,Aeropuerto-T4                           -Principe Pio,,9,18005,Pirámides,40.402534,-3.711362,20.297,22.501,madrid,Madrid,,
10T0002C1,C1,Aeropuerto-T4                           -Principe Pio,,10,10000,Madrid-Príncipe Pío,40.421489,-3.718969,22.501,22.501,madrid,Madrid,,
10T0003C10,C10,Villalba                                -Aeropuerto-T4,,0,10200,Villalba De Guadarrama,40.626489,-4.008030,0.000,58.278,madrid,Madrid,,
10T0003C10,C10,Villalba                                -Aeropuerto-T4,,1,10104,Galapagar-La Navata,40.600314,-3.982259,3.634,58.278,madrid,Madrid,,
10T0003C10,C10,Villalba                                -Aeropuerto-T4,,2,10103,Torrelodones,40.574554,-3.956601,7.225,58.278,madrid,Madrid,,
10T0003C10,C10,Villalba                                -Aeropuerto-T4,,3,10101,Las Matas,40.552387,-3.896766,12.849,58.278,madrid,Madrid,,
10T0003C10,C10,Villalba                                -Aeropuerto-T4,,4,10100,Pinar De Las Rozas,40.522267,-3.882248,16.415,58.278,madrid,Madrid,,
10T0003C10,C10,Villalba                                -Aeropuerto-T4,,5,10005,Las Rozas,40.494289,-3.868175,19.746,58.278,madrid,Madrid,,
10T0003C10,C10,Villalba                                -Aeropuerto-T4,,6,10007,Majadahonda,40.474289,-3.846293,22.639,58.278,madrid,Madrid,,
10T0003C10,C10,Villalba                                -Aeropuerto-T4,,7,10010,El Barrial-Centro Comercial Pozuelo,40.465392,-3.807685,26.052,58.278,madrid,Madrid,,
10T0003C10,C10,Villalba                                -Aeropuerto-T4,,8,10002,Pozuelo,40.447457,-3.800278,28.142,58.278,madrid,Madrid,,
10T0003C10,C10,Villalba                                -Aeropuerto-T4,,9,10001,Aravaca,40.448455,-3.785555,29.393,58.278,madrid,Madrid,,
10T0003C10,C10,Villalba                                -Aeropuerto-T4,,10,10000,Madrid-Príncipe Pío,40.421489,-3.718969,35.777,58.278,madrid,Madrid,,
10T0003C10,C10,Villalba                                -Aeropuerto-T4,,11,18005,Pirámides,40.402534,-3.711362,37.981,58.278,madrid,Madrid,,
10T0003C10,C10,Villalba                                -Aeropuerto-T4,,12,18004,Delicias,40.400438,-3.692777,39.572,58.278,madrid,Madrid,,
10T0003C10,C10,Villalba                                -Aeropuerto-T4,,13,18003,Méndez álvaro P.v.,40.395777,-3.677844,40.938,58.278,madrid,Madrid,,
10T0003C10,C10,Villalba                                -Aeropuerto-T4,,14,18000,Madrid-Atocha Cercanías,40.406619,-3.689439,42.493,58.278,madrid,Madrid,,
10T0003C10,C10,Villalba                                -Aeropuerto-T4,,15,18001,Madrid-Recoletos,40.423373,-3.690931,44.360,58.278,madrid,Madrid,,
10T0003C10,C10,Villalba                                -Aeropuerto-T4,,16,18002,Madrid-Nuevos Ministerios,40.446627,-3.692347,46.949,58.278,madrid,Madrid,,
10T0003C10,C10,Villalba                                -Aeropuerto-T4,,17,17000,Madrid-Chamartín-Clara Campoamor,40.471179,-3.682952,49.792,58.278,madrid,Madrid,,
10T0003C10,C10,Villalba                                -Aeropuerto-T4,,18,98003,Fuente De La Mora,40.484720,-3.663061,52.050,58.278,madrid,Madrid,,
10T0003C10,C10,Villalba                                -Aeropuerto-T4,,19,98304,Valdebebas,40.482102,-3.616287,56.016,58.278,madrid,Madrid,,
10T0003C10,C10,Villalba                                -Aeropuerto-T4,,20,98305,Madrid-Aeropuerto T4,40.492402,-3.593230,58.278,58.278,madrid,Madrid,,
10T0004C10,C10,Aeropuerto-T4                           -Villalba,,0,98305,Madrid-Aeropuerto T4,40.492402,-3.593230,0.000,58.278,madrid,Madrid,,
10T0004C10,C10,Aeropuerto-T4                           -Villalba,,1,98304,Valdebebas,40.482102,-3.616287,2.261,58.278,madrid,Madrid,,
10T0004C10,C10,Aeropuerto-T4                           -Villalba,,2,98003,Fuente De La Mora,40.484720,-3.663061,6.228,58.278,madrid,Madrid,,
10T0004C10,C10,Aeropuerto-T4                           -Villalba,,3,17000,Madrid-Chamartín-Clara Campoamor,40.471179,-3.682952,8.486,58.278,madrid,Madrid,,
10T0004C10,C10,Aeropuerto-T4                           -Villalba,,4,18002,Madrid-Nuevos Ministerios,40.446627,-3.692347,11.329,58.278,madrid,Madrid,,
10T0004C10,C10,Aeropuerto-T4                           -Villalba,,5,18001,Madrid-Recoletos,40.423373,-3.690931,13.918,58.278,madrid,Madrid,,
10T0004C10,C10,Aeropuerto-T4                           -Villalba,,6,18000,Madrid-Atocha Cercanías,40.406619,-3.689439,15.785,58.278,madrid,Madrid,,
10T0004C10,C10,Aeropuerto-T4                           -Villalba,,7,18003,Méndez álvaro P.v.,40.395777,-3.677844,17.340,58.278,madrid,Madrid,,
10T0004C10,C10,Aeropuerto-T4                           -Villalba,,8,18004,Delicias,40.400438,-3.692777,18.706,58.278,madrid,Madrid,,
10T0004C10,C10,Aeropuerto-T4                           -Villalba,,9,18005,Pirámides,40.402534,-3.711362,20.297,58.278,madrid,Madrid,,
10T0004C10,C10,Aeropuerto-T4                           -Villalba,,10,10000,Madrid-Príncipe Pío,40.421489,-3.718969,22.501,58.278,madrid,Madrid,,
10T0004C10,C10,Aeropuerto-T4                           -Villalba,,11,10001,Aravaca,40.448455,-3.785555,28.885,58.278,madrid,Madrid,,
10T0004C10,C10,Aeropuerto-T4                           -Villalba,,12,10002,Pozuelo,40.447457,-3.800278,30.136,58.278,madrid,Madrid,,
10T0004C10,C10,Aeropuerto-T4                           -Villalba,,13,10010,El Barrial-Centro Comercial Pozuelo,40.465392,-3.807685,32.226,58.278,madrid,Madrid,,
10T0004C10,C10,Aeropuerto-T4                           -Villalba,,14,10007,Majadahonda,40.474289,-3.846293,35.639,58.278,madrid,Madrid,,
10T0004C10,C10,Aeropuerto-T4                           -Villalba,,15,10005,Las Rozas,40.494289,-3.868175,38.532,58.278,madrid,Madrid,,
10T0004C10,C10,Aeropuerto-T4                           -Villalba,,16,10100,Pinar De Las Rozas,40.522267,-3.882248,41.863,58.278,madrid,Madrid,,
10T0004C10,C10,Aeropuerto-T4                           -Villalba,,17,10101,Las Matas,40.552387,-3.896766,45.429,58.278,madrid,Madrid,,
10T0004C10,C10,Aeropuerto-T4                           -Villalba,,18,10103,Torrelodones,40.574554,-3.956601,51.053,58.278,madrid,Madrid,,
10T0004C10,C10,Aeropuerto-T4                           -Villalba,,19,10104,Galapagar-La Navata,40.600314,-3.982259,54.644,58.278,madrid,Madrid,,
10T0004C10,C10,Aeropuerto-T4                           -Villalba,,20,10200,Villalba De Guadarrama,40.626489,-4.008030,58.278,58.278,madrid,Madrid,,
10T0005C2,C2,Guadalajara                             -Chamartín - Clara Campoamor,,0,70200,Guadalajara,40.644193,-3.182260,0.000,63.377,madrid,Madrid,,
10T0005C2,C2,Guadalajara                             -Chamartín - Clara Campoamor,,1,70105,Azuqueca,40.561077,-3.265397,11.605,63.377,madrid,Madrid,,
10T0005C2,C2,Guadalajara                             -Chamartín - Clara Campoamor,,2,70104,Meco,40.534673,-3.298681,15.671,63.377,madrid,Madrid,,
10T0005C2,C2,Guadalajara                             -Chamartín - Clara Campoamor,,3,70107,Alcalá De Henares-Universidad,40.505430,-3.335326,20.162,63.377,madrid,Madrid,,
10T0005C2,C2,Guadalajara                             -Chamartín - Clara Campoamor,,4,70103,Alcalá De Henares,40.489081,-3.366246,23.346,63.377,madrid,Madrid,,
10T0005C2,C2,Guadalajara                             -Chamartín - Clara Campoamor,,5,70111,La Garena,40.480545,-3.393006,25.800,63.377,madrid,Madrid,,
10T0005C2,C2,Guadalajara                             -Chamartín - Clara Campoamor,,6,70112,Soto Del Henares,40.463964,-3.441408,30.290,63.377,madrid,Madrid,,
10T0005C2,C2,Guadalajara                             -Chamartín - Clara Campoamor,,7,70102,Torrejón De Ardoz,40.454789,-3.479730,33.689,63.377,madrid,Madrid,,
10T0005C2,C2,Guadalajara                             -Chamartín - Clara Campoamor,,8,70101,San Fernando De Henares,40.442780,-3.533987,38.471,63.377,madrid,Madrid,,
10T0005C2,C2,Guadalajara                             -Chamartín - Clara Campoamor,,9,70108,Coslada,40.423237,-3.561111,41.632,63.377,madrid,Madrid,,
10T0005C2,C2,Guadalajara                             -Chamartín - Clara Campoamor,,10,70100,Vicálvaro,40.401252,-3.595897,45.459,63.377,madrid,Madrid,,
10T0005C2,C2,Guadalajara                             -Chamartín - Clara Campoamor,,11,70109,Santa Eugenia,40.386955,-3.608986,47.397,63.377,madrid,Madrid,,
10T0005C2,C2,Guadalajara                             -Chamartín - Clara Campoamor,,12,70001,Vallecas,40.381961,-3.624583,48.830,63.377,madrid,Madrid,,
10T0005C2,C2,Guadalajara                             -Chamartín - Clara Campoamor,,13,70003,El Pozo,40.376038,-3.656141,51.583,63.377,madrid,Madrid,,
10T0005C2,C2,Guadalajara                             -Chamartín - Clara Campoamor,,14,70002,Asamblea De Madrid-Entrevías,40.381862,-3.668045,52.782,63.377,madrid,Madrid,,
10T0005C2,C2,Guadalajara                             -Chamartín - Clara Campoamor,,15,18000,Madrid-Atocha Cercanías,40.406619,-3.689439,56.077,63.377,madrid,Madrid,,
10T0005C2,C2,Guadalajara                             -Chamartín - Clara Campoamor,,16,18001,Madrid-Recoletos,40.423373,-3.690931,57.945,63.377,madrid,Madrid,,
10T0005C2,C2,Guadalajara                             -Chamartín - Clara Campoamor,,17,18002,Madrid-Nuevos Ministerios,40.446627,-3.692347,60.533,63.377,madrid,Madrid,,
10T0005C2,C2,Guadalajara                             -Chamartín - Clara Campoamor,,18,17000,Madrid-Chamartín-Clara Campoamor,40.471179,-3.682952,63.377,63.377,madrid,Madrid,,
10T0006C2,C2,Chamartín - Clara Campoamor             -Guadalajara,,0,17000,Madrid-Chamartín-Clara Campoamor,40.471179,-3.682952,0.000,63.377,madrid,Madrid,,
10T0006C2,C2,Chamartín - Clara Campoamor             -Guadalajara,,1,18002,Madrid-Nuevos Ministerios,40.446627,-3.692347,2.843,63.377,madrid,Madrid,,
10T0006C2,C2,Chamartín - Clara Campoamor             -Guadalajara,,2,18001,Madrid-Recoletos,40.423373,-3.690931,5.432,63.377,madrid,Madrid,,
10T0006C2,C2,Chamartín - Clara Campoamor             -Guadalajara,,3,18000,Madrid-Atocha Cercanías,40.406619,-3.689439,7.299,63.377,madrid,Madrid,,
10T0006C2,C2,Chamartín - Clara Campoamor             -Guadalajara,,4,70002,Asamblea De Madrid-Entrevías,40.381862,-3.668045,10.595,63.377,madrid,Madrid,,
10T0006C2,C2,Chamartín - Clara Campoamor             -Guadalajara,,5,70003,El Pozo,40.376038,-3.656141,11.793,63.377,madrid,Madrid,,
10T0006C2,C2,Chamartín - Clara Campoamor             -Guadalajara,,6,70001,Vallecas,40.381961,-3.624583,14.546,63.377,madrid,Madrid,,
10T0006C2,C2,Chamartín - Clara Campoamor             -Guadalajara,,7,70109,Santa Eugenia,40.386955,-3.608986,15.979,63.377,madrid,Madrid,,
10T0006C2,C2,Chamartín - Clara Campoamor             -Guadalajara,,8,70100,Vicálvaro,40.401252,-3.595897,17.917,63.377,madrid,Madrid,,
10T0006C2,C2,Chamartín - Clara Campoamor             -Guadalajara,,9,70108,Coslada,40.423237,-3.561111,21.745,63.377,madrid,Madrid,,
10T0006C2,C2,Chamartín - Clara Campoamor             -Guadalajara,,10,70101,San Fernando De Henares,40.442780,-3.533987,24.906,63.377,madrid,Madrid,,
10T0006C2,C2,Chamartín - Clara Campoamor             -Guadalajara,,11,70102,Torrejón De Ardoz,40.454789,-3.479730,29.687,63.377,madrid,Madrid,,
10T0006C2,C2,Chamartín - Clara Campoamor             -Guadalajara,,12,70112,Soto Del Henares,40.463964,-3.441408,33.086,63.377,madrid,Madrid,,
10T0006C2,C2,Chamartín - Clara Campoamor             -Guadalajara,,13,70111,La Garena,40.480545,-3.393006,37.577,63.377,madrid,Madrid,,
10T0006C2,C2,Chamartín - Clara Campoamor             -Guadalajara,,14,70103,Alcalá De Henares,40.489081,-3.366246,40.031,63.377,madrid,Madrid,,
10T0006C2,C2,Chamartín - Clara Campoamor             -Guadalajara,,15,70107,Alcalá De Henares-Universidad,40.505430,-3.335326,43.215,63.377,madrid,Madrid,,
10T0006C2,C2,Chamartín - Clara Campoamor             -Guadalajara,,16,70104,Meco,40.534673,-3.298681,47.706,63.377,madrid,Madrid,,
10T0006C2,C2,Chamartín - Clara Campoamor             -Guadalajara,,17,70105,Azuqueca,40.561077,-3.265397,51.772,63.377,madrid,Madrid,,
10T0006C2,C2,Chamartín - Clara Campoamor             -Guadalajara,,18,70200,Guadalajara,40.644193,-3.182260,63.377,63.377,madrid,Madrid,,
10T0007C3,C3,Chamartín - Clara Campoamor             -Aranjuez,,0,17000,Madrid-Chamartín-Clara Campoamor,40.471179,-3.682952,0.000,53.119,madrid,Madrid,,
10T0007C3,C3,Chamartín - Clara Campoamor             -Aranjuez,,1,18002,Madrid-Nuevos Ministerios,40.446627,-3.692347,2.843,53.119,madrid,Madrid,,
10T0007C3,C3,Chamartín - Clara Campoamor             -Aranjuez,,2,18101,Sol,40.416866,-3.702876,6.271,53.119,madrid,Madrid,,
10T0007C3,C3,Chamartín - Clara Campoamor             -Aranjuez,,3,18000,Madrid-Atocha Cercanías,40.406619,-3.689439,7.881,53.119,madrid,Madrid,,
10T0007C3,C3,Chamartín - Clara Campoamor             -Aranjuez,,4,60100,Madrid-Villaverde Bajo,40.352676,-3.683898,13.897,53.119,madrid,Madrid,,
10T0007C3,C3,Chamartín - Clara Campoamor             -Aranjuez,,5,60107,San Cristóbal De Los ángeles,40.342414,-3.683979,15.038,53.119,madrid,Madrid,,
10T0007C3,C3,Chamartín - Clara Campoamor             -Aranjuez,,6,60101,San Cristóbal Industrial,40.331859,-3.698960,16.767,53.119,madrid,Madrid,,
10T0007C3,C3,Chamartín - Clara Campoamor             -Aranjuez,,7,60109,El Casar,40.318522,-3.709806,18.512,53.119,madrid,Madrid,,
10T0007C3,C3,Chamartín - Clara Campoamor             -Aranjuez,,8,60102,Getafe-Industrial,40.305718,-3.707836,19.946,53.119,madrid,Madrid,,
10T0007C3,C3,Chamartín - Clara Campoamor             -Aranjuez,,9,60103,Pinto,40.242855,-3.703530,26.945,53.119,madrid,Madrid,,
10T0007C3,C3,Chamartín - Clara Campoamor             -Aranjuez,,10,60104,Valdemoro,40.196078,-3.664937,33.093,53.119,madrid,Madrid,,
10T0007C3,C3,Chamartín - Clara Campoamor             -Aranjuez,,11,60105,Ciempozuelos,40.159201,-3.610185,39.294,53.119,madrid,Madrid,,
10T0007C3,C3,Chamartín - Clara Campoamor             -Aranjuez,,12,60200,Aranjuez,40.035026,-3.618253,53.119,53.119,madrid,Madrid,,
10T0008C3,C3,Aranjuez                                -Chamartín - Clara Campoamor,,0,60200,Aranjuez,40.035026,-3.618253,0.000,53.119,madrid,Madrid,,
10T0008C3,C3,Aranjuez                                -Chamartín - Clara Campoamor,,1,60105,Ciempozuelos,40.159201,-3.610185,13.825,53.119,madrid,Madrid,,
10T0008C3,C3,Aranjuez                                -Chamartín - Clara Campoamor,,2,60104,Valdemoro,40.196078,-3.664937,20.026,53.119,madrid,Madrid,,
10T0008C3,C3,Aranjuez                                -Chamartín - Clara Campoamor,,3,60103,Pinto,40.242855,-3.703530,26.173,53.119,madrid,Madrid,,
10T0008C3,C3,Aranjuez                                -Chamartín - Clara Campoamor,,4,60102,Getafe-Industrial,40.305718,-3.707836,33.173,53.119,madrid,Madrid,,
10T0008C3,C3,Aranjuez                                -Chamartín - Clara Campoamor,,5,60109,El Casar,40.318522,-3.709806,34.606,53.119,madrid,Madrid,,
10T0008C3,C3,Aranjuez                                -Chamartín - Clara Campoamor,,6,60101,San Cristóbal Industrial,40.331859,-3.698960,36.351,53.119,madrid,Madrid,,
10T0008C3,C3,Aranjuez                                -Chamartín - Clara Campoamor,,7,60107,San Cristóbal De Los ángeles,40.342414,-3.683979,38.080,53.119,madrid,Madrid,,
10T0008C3,C3,Aranjuez                                -Chamartín - Clara Campoamor,,8,60100,Madrid-Villaverde Bajo,40.352676,-3.683898,39.221,53.119,madrid,Madrid,,
10T0008C3,C3,Aranjuez                                -Chamartín - Clara Campoamor,,9,18000,Madrid-Atocha Cercanías,40.406619,-3.689439,45.238,53.119,madrid,Madrid,,
10T0008C3,C3,Aranjuez                                -Chamartín - Clara Campoamor,,10,18101,Sol,40.416866,-3.702876,46.848,53.119,madrid,Madrid,,
10T0008C3,C3,Aranjuez                                -Chamartín - Clara Campoamor,,11,18002,Madrid-Nuevos Ministerios,40.446627,-3.692347,50.275,53.119,madrid,Madrid,,
10T0008C3,C3,Aranjuez                                -Chamartín - Clara Campoamor,,12,17000,Madrid-Chamartín-Clara Campoamor,40.471179,-3.682952,53.119,53.119,madrid,Madrid,,
10T0011C4,C4,Chamartín - Clara Campoamor             -Parla,,0,17000,Madrid-Chamartín-Clara Campoamor,40.471179,-3.682952,0.000,28.914,madrid,Madrid,,
10T0011C4,C4,Chamartín - Clara Campoamor             -Parla,,1,18002,Madrid-Nuevos Ministerios,40.446627,-3.692347,2.843,28.914,madrid,Madrid,,
10T0011C4,C4,Chamartín - Clara Campoamor             -Parla,,2,18101,Sol,40.416866,-3.702876,6.271,28.914,madrid,Madrid,,
10T0011C4,C4,Chamartín - Clara Campoamor             -Parla,,3,18000,Madrid-Atocha Cercanías,40.406619,-3.689439,7.881,28.914,madrid,Madrid,,
10T0011C4,C4,Chamartín - Clara Campoamor             -Parla,,4,60100,Madrid-Villaverde Bajo,40.352676,-3.683898,13.897,28.914,madrid,Madrid,,
10T0011C4,C4,Chamartín - Clara Campoamor             -Parla,,5,37001,Madrid-Villaverde Alto,40.341589,-3.712351,16.605,28.914,madrid,Madrid,,
10T0011C4,C4,Chamartín - Clara Campoamor             -Parla,,6,37010,Las Margaritas,40.323099,-3.727286,19.020,28.914,madrid,Madrid,,
10T0011C4,C4,Chamartín - Clara Campoamor             -Parla,,7,37002,Getafe-Centro,40.310004,-3.733988,20.583,28.914,madrid,Madrid,,
10T0011C4,C4,Chamartín - Clara Campoamor             -Parla,,8,37011,Getafe-Sector 3,40.288389,-3.737499,23.005,28.914,madrid,Madrid,,
10T0011C4,C4,Chamartín - Clara Campoamor             -Parla,,9,37012,Parla,40.241099,-3.769270,28.914,28.914,madrid,Madrid,,
10T0012C4,C4,Parla                                   -Chamartín - Clara Campoamor,,0,37012,Parla,40.241099,-3.769270,0.000,28.914,madrid,Madrid,,
10T0012C4,C4,Parla                                   -Chamartín - Clara Campoamor,,1,37011,Getafe-Sector 3,40.288389,-3.737499,5.909,28.914,madrid,Madrid,,
10T0012C4,C4,Parla                                   -Chamartín - Clara Campoamor,,2,37002,Getafe-Centro,40.310004,-3.733988,8.331,28.914,madrid,Madrid,,
10T0012C4,C4,Parla                                   -Chamartín - Clara Campoamor,,3,37010,Las Margaritas,40.323099,-3.727286,9.894,28.914,madrid,Madrid,,
10T0012C4,C4,Parla                                   -Chamartín - Clara Campoamor,,4,37001,Madrid-Villaverde Alto,40.341589,-3.712351,12.309,28.914,madrid,Madrid,,
10T0012C4,C4,Parla                                   -Chamartín - Clara Campoamor,,5,60100,Madrid-Villaverde Bajo,40.352676,-3.683898,15.017,28.914,madrid,Madrid,,
10T0012C4,C4,Parla                                   -Chamartín - Clara Campoamor,,6,18000,Madrid-Atocha Cercanías,40.406619,-3.689439,21.033,28.914,madrid,Madrid,,
10T0012C4,C4,Parla                                   -Chamartín - Clara Campoamor,,7,18101,Sol,40.416866,-3.702876,22.643,28.914,madrid,Madrid,,
10T0012C4,C4,Parla                                   -Chamartín - Clara Campoamor,,8,18002,Madrid-Nuevos Ministerios,40.446627,-3.692347,26.071,28.914,madrid,Madrid,,
10T0012C4,C4,Parla                                   -Chamartín - Clara Campoamor,,9,17000,Madrid-Chamartín-Clara Campoamor,40.471179,-3.682952,28.914,28.914,madrid,Madrid,,
10T0013C4a,C4a,Alcobendas-S.Sebast. de los Reyes       -Parla,,0,19003,Alcobendas-San Sebastián De Los Reyes,40.546577,-3.635173,0.000,43.221,madrid,Madrid,,
10T0013C4a,C4a,Alcobendas-S.Sebast. de los Reyes       -Parla,,1,19002,Valdelasfuentes,40.547434,-3.654324,1.621,43.221,madrid,Madrid,,
10T0013C4a,C4a,Alcobendas-S.Sebast. de los Reyes       -Parla,,2,19001,Universidad Pontificia De Comillas,40.553970,-3.683700,4.207,43.221,madrid,Madrid,,
10T0013C4a,C4a,Alcobendas-S.Sebast. de los Reyes       -Parla,,3,17009,Universidad-Cantoblanco,40.543842,-3.700155,5.996,43.221,madrid,Madrid,,
10T0013C4a,C4a,Alcobendas-S.Sebast. de los Reyes       -Parla,,4,17001,Fuencarral,40.501560,-3.682504,10.929,43.221,madrid,Madrid,,
10T0013C4a,C4a,Alcobendas-S.Sebast. de los Reyes       -Parla,,5,17000,Madrid-Chamartín-Clara Campoamor,40.471179,-3.682952,14.307,43.221,madrid,Madrid,,
10T0013C4a,C4a,Alcobendas-S.Sebast. de los Reyes       -Parla,,6,18002,Madrid-Nuevos Ministerios,40.446627,-3.692347,17.151,43.221,madrid,Madrid,,
10T0013C4a,C4a,Alcobendas-S.Sebast. de los Reyes       -Parla,,7,18101,Sol,40.416866,-3.702876,20.578,43.221,madrid,Madrid,,
10T0013C4a,C4a,Alcobendas-S.Sebast. de los Reyes       -Parla,,8,18000,Madrid-Atocha Cercanías,40.406619,-3.689439,22.188,43.221,madrid,Madrid,,
10T0013C4a,C4a,Alcobendas-S.Sebast. de los Reyes       -Parla,,9,60100,Madrid-Villaverde Bajo,40.352676,-3.683898,28.205,43.221,madrid,Madrid,,
10T0013C4a,C4a,Alcobendas-S.Sebast. de los Reyes       -Parla,,10,37001,Madrid-Villaverde Alto,40.341589,-3.712351,30.913,43.221,madrid,Madrid,,
10T0013C4a,C4a,Alcobendas-S.Sebast. de los Reyes       -Parla,,11,37010,Las Margaritas,40.323099,-3.727286,33.327,43.221,madrid,Madrid,,
10T0013C4a,C4a,Alcobendas-S.Sebast. de los Reyes       -Parla,,12,37002,Getafe-Centro,40.310004,-3.733988,34.890,43.221,madrid,Madrid,,
10T0013C4a,C4a,Alcobendas-S.Sebast. de los Reyes       -Parla,,13,37011,Getafe-Sector 3,40.288389,-3.737499,37.312,43.221,madrid,Madrid,,
10T0013C4a,C4a,Alcobendas-S.Sebast. de los Reyes       -Parla,,14,37012,Parla,40.241099,-3.769270,43.221,43.221,madrid,Madrid,,
10T0014C4a,C4a,Parla                                   -Alcobendas-S.Sebast. de los Reyes,,0,37012,Parla,40.241099,-3.769270,0.000,43.221,madrid,Madrid,,
10T0014C4a,C4a,Parla                                   -Alcobendas-S.Sebast. de los Reyes,,1,37011,Getafe-Sector 3,40.288389,-3.737499,5.909,43.221,madrid,Madrid,,
10T0014C4a,C4a,Parla                                   -Alcobendas-S.Sebast. de los Reyes,,2,37002,Getafe-Centro,40.310004,-3.733988,8.331,43.221,madrid,Madrid,,
10T0014C4a,C4a,Parla                                   -Alcobendas-S.Sebast. de los Reyes,,3,37010,Las Margaritas,40.323099,-3.727286,9.894,43.221,madrid,Madrid,,
10T0014C4a,C4a,Parla                                   -Alcobendas-S.Sebast. de los Reyes,,4,37001,Madrid-Villaverde Alto,40.341589,-3.712351,12.309,43.221,madrid,Madrid,,
10T0014C4a,C4a,Parla                                   -Alcobendas-S.Sebast. de los Reyes,,5,60100,Madrid-Villaverde Bajo,40.352676,-3.683898,15.017,43.221,madrid,Madrid,,
10T0014C4a,C4a,Parla                                   -Alcobendas-S.Sebast. de los Reyes,,6,18000,Madrid-Atocha Cercanías,40.406619,-3.689439,21.033,43.221,madrid,Madrid,,
10T0014C4a,C4a,Parla                                   -Alcobendas-S.Sebast. de los Reyes,,7,18101,Sol,40.416866,-3.702876,22.643,43.221,madrid,Madrid,,
10T0014C4a,C4a,Parla                                   -Alcobendas-S.Sebast. de los Reyes,,8,18002,Madrid-Nuevos Ministerios,40.446627,-3.692347,26.071,43.221,madrid,Madrid,,
10T0014C4a,C4a,Parla                                   -Alcobendas-S.Sebast. de los Reyes,,9,17000,Madrid-Chamartín-Clara Campoamor,40.471179,-3.682952,28.914,43.221,madrid,Madrid,,
10T0014C4a,C4a,Parla                                   -Alcobendas-S.Sebast. de los Reyes,,10,17001,Fuencarral,40.501560,-3.682504,32.292,43.221,madrid,Madrid,,
10T0014C4a,C4a,Parla                                   -Alcobendas-S.Sebast. de los Reyes,,11,17009,Universidad-Cantoblanco,40.543842,-3.700155,37.225,43.221,madrid,Madrid,,
10T0014C4a,C4a,Parla                                   -Alcobendas-S.Sebast. de los Reyes,,12,19001,Universidad Pontificia De Comillas,40.553970,-3.683700,39.014,43.221,madrid,Madrid,,
10T0014C4a,C4a,Parla                                   -Alcobendas-S.Sebast. de los Reyes,,13,19002,Valdelasfuentes,40.547434,-3.654324,41.600,43.221,madrid,Madrid,,
10T0014C4a,C4a,Parla                                   -Alcobendas-S.Sebast. de los Reyes,,14,19003,Alcobendas-San Sebastián De Los Reyes,40.546577,-3.635173,43.221,43.221,madrid,Madrid,,
10T0015C4b,C4b,Colmenar Viejo                          -Parla,,0,17005,Colmenar Viejo,40.645209,-3.776614,0.000,50.996,madrid,Madrid,,
10T0015C4b,C4b,Colmenar Viejo                          -Parla,,1,17004,Tres Cantos,40.598742,-3.715559,7.297,50.996,madrid,Madrid,,
10T0015C4b,C4b,Colmenar Viejo                          -Parla,,2,17003,El Goloso,40.558897,-3.713971,11.730,50.996,madrid,Madrid,,
10T0015C4b,C4b,Colmenar Viejo                          -Parla,,3,17009,Universidad-Cantoblanco,40.543842,-3.700155,13.771,50.996,madrid,Madrid,,
10T0015C4b,C4b,Colmenar Viejo                          -Parla,,4,17001,Fuencarral,40.501560,-3.682504,18.703,50.996,madrid,Madrid,,
10T0015C4b,C4b,Colmenar Viejo                          -Parla,,5,17000,Madrid-Chamartín-Clara Campoamor,40.471179,-3.682952,22.082,50.996,madrid,Madrid,,
10T0015C4b,C4b,Colmenar Viejo                          -Parla,,6,18002,Madrid-Nuevos Ministerios,40.446627,-3.692347,24.925,50.996,madrid,Madrid,,
10T0015C4b,C4b,Colmenar Viejo                          -Parla,,7,18101,Sol,40.416866,-3.702876,28.352,50.996,madrid,Madrid,,
10T0015C4b,C4b,Colmenar Viejo                          -Parla,,8,18000,Madrid-Atocha Cercanías,40.406619,-3.689439,29.963,50.996,madrid,Madrid,,
10T0015C4b,C4b,Colmenar Viejo                          -Parla,,9,60100,Madrid-Villaverde Bajo,40.352676,-3.683898,35.979,50.996,madrid,Madrid,,
10T0015C4b,C4b,Colmenar Viejo                          -Parla,,10,37001,Madrid-Villaverde Alto,40.341589,-3.712351,38.687,50.996,madrid,Madrid,,
10T0015C4b,C4b,Colmenar Viejo                          -Parla,,11,37010,Las Margaritas,40.323099,-3.727286,41.102,50.996,madrid,Madrid,,
10T0015C4b,C4b,Colmenar Viejo                          -Parla,,12,37002,Getafe-Centro,40.310004,-3.733988,42.665,50.996,madrid,Madrid,,
10T0015C4b,C4b,Colmenar Viejo                          -Parla,,13,37011,Getafe-Sector 3,40.288389,-3.737499,45.087,50.996,madrid,Madrid,,
10T0015C4b,C4b,Colmenar Viejo                          -Parla,,14,37012,Parla,40.241099,-3.769270,50.996,50.996,madrid,Madrid,,
10T0016C4b,C4b,Parla                                   -Colmenar Viejo,,0,37012,Parla,40.241099,-3.769270,0.000,50.996,madrid,Madrid,,
10T0016C4b,C4b,Parla                                   -Colmenar Viejo,,1,37011,Getafe-Sector 3,40.288389,-3.737499,5.909,50.996,madrid,Madrid,,
10T0016C4b,C4b,Parla                                   -Colmenar Viejo,,2,37002,Getafe-Centro,40.310004,-3.733988,8.331,50.996,madrid,Madrid,,
10T0016C4b,C4b,Parla                                   -Colmenar Viejo,,3,37010,Las Margaritas,40.323099,-3.727286,9.894,50.996,madrid,Madrid,,
10T0016C4b,C4b,Parla                                   -Colmenar Viejo,,4,37001,Madrid-Villaverde Alto,40.341589,-3.712351,12.309,50.996,madrid,Madrid,,
10T0016C4b,C4b,Parla                                   -Colmenar Viejo,,5,60100,Madrid-Villaverde Bajo,40.352676,-3.683898,15.017,50.996,madrid,Madrid,,
10T0016C4b,C4b,Parla                                   -Colmenar Viejo,,6,18000,Madrid-Atocha Cercanías,40.406619,-3.689439,21.033,50.996,madrid,Madrid,,
10T0016C4b,C4b,Parla                                   -Colmenar Viejo,,7,18101,Sol,40.416866,-3.702876,22.643,50.996,madrid,Madrid,,
10T0016C4b,C4b,Parla                                   -Colmenar Viejo,,8,18002,Madrid-Nuevos Ministerios,40.446627,-3.692347,26.071,50.996,madrid,Madrid,,
10T0016C4b,C4b,Parla                                   -Colmenar Viejo,,9,17000,Madrid-Chamartín-Clara Campoamor,40.471179,-3.682952,28.914,50.996,madrid,Madrid,,
10T0016C4b,C4b,Parla                                   -Colmenar Viejo,,10,17001,Fuencarral,40.501560,-3.682504,32.292,50.996,madrid,Madrid,,
10T0016C4b,C4b,Parla                                   -Colmenar Viejo,,11,17009,Universidad-Cantoblanco,40.543842,-3.700155,37.225,50.996,madrid,Madrid,,
10T0016C4b,C4b,Parla                                   -Colmenar Viejo,,12,17003,El Goloso,40.558897,-3.713971,39.266,50.996,madrid,Madrid,,
10T0016C4b,C4b,Parla                                   -Colmenar Viejo,,13,17004,Tres Cantos,40.598742,-3.715559,43.698,50.996,madrid,Madrid,,
10T0016C4b,C4b,Parla                                   -Colmenar Viejo,,14,17005,Colmenar Viejo,40.645209,-3.776614,50.996,50.996,madrid,Madrid,,
10T0017C5,C5,Mostoles el Soto                        -Humanes,,0,35607,Móstoles-El Soto,40.331064,-3.882456,0.000,42.889,madrid,Madrid,,
10T0017C5,C5,Mostoles el Soto                        -Humanes,,1,35606,Móstoles,40.328663,-3.863622,1.619,42.889,madrid,Madrid,,
10T0017C5,C5,Mostoles el Soto                        -Humanes,,2,35610,Las Retamas,40.342115,-3.842464,3.954,42.889,madrid,Madrid,,
10T0017C5,C5,Mostoles el Soto                        -Humanes,,3,35605,Alcorcón,40.350227,-3.831702,5.237,42.889,madrid,Madrid,,
10T0017C5,C5,Mostoles el Soto                        -Humanes,,4,35604,San José De Valderas,40.356613,-3.815573,6.777,42.889,madrid,Madrid,,
10T0017C5,C5,Mostoles el Soto                        -Humanes,,5,35603,Cuatro Vientos,40.377765,-3.791510,9.889,42.889,madrid,Madrid,,
10T0017C5,C5,Mostoles el Soto                        -Humanes,,6,35602,Las águilas,40.381022,-3.780164,10.917,42.889,madrid,Madrid,,
10T0017C5,C5,Mostoles el Soto                        -Humanes,,7,35601,Maestra Justa Freire-Polidep. Aluche,40.383638,-3.768687,11.931,42.889,madrid,Madrid,,
10T0017C5,C5,Mostoles el Soto                        -Humanes,,8,35600,Aluche,40.385668,-3.760734,12.642,42.889,madrid,Madrid,,
10T0017C5,C5,Mostoles el Soto                        -Humanes,,9,35608,Laguna,40.399060,-3.744231,14.684,42.889,madrid,Madrid,,
10T0017C5,C5,Mostoles el Soto                        -Humanes,,10,35609,Embajadores,40.404648,-3.702579,18.265,42.889,madrid,Madrid,,
10T0017C5,C5,Mostoles el Soto                        -Humanes,,11,18000,Madrid-Atocha Cercanías,40.406619,-3.689439,19.399,42.889,madrid,Madrid,,
10T0017C5,C5,Mostoles el Soto                        -Humanes,,12,18003,Méndez álvaro P.v.,40.395777,-3.677844,20.954,42.889,madrid,Madrid,,
10T0017C5,C5,Mostoles el Soto                        -Humanes,,13,35702,Doce De Octubre,40.378921,-3.698699,23.529,42.889,madrid,Madrid,,
10T0017C5,C5,Mostoles el Soto                        -Humanes,,14,35703,Orcasitas,40.367102,-3.704231,24.925,42.889,madrid,Madrid,,
10T0017C5,C5,Mostoles el Soto                        -Humanes,,15,35704,Puente Alcocer,40.350448,-3.705115,26.778,42.889,madrid,Madrid,,
10T0017C5,C5,Mostoles el Soto                        -Humanes,,16,37001,Madrid-Villaverde Alto,40.341589,-3.712351,27.938,42.889,madrid,Madrid,,
10T0017C5,C5,Mostoles el Soto                        -Humanes,,17,35009,Zarzaquemada,40.340853,-3.748263,30.983,42.889,madrid,Madrid,,
10T0017C5,C5,Mostoles el Soto                        -Humanes,,18,35001,Leganés,40.328643,-3.771316,33.362,42.889,madrid,Madrid,,
10T0017C5,C5,Mostoles el Soto                        -Humanes,,19,35011,Parque Polvoranca,40.312574,-3.783494,35.426,42.889,madrid,Madrid,,
10T0017C5,C5,Mostoles el Soto                        -Humanes,,20,35010,La Serna-Fuenlabrada,40.296817,-3.792623,37.342,42.889,madrid,Madrid,,
10T0017C5,C5,Mostoles el Soto                        -Humanes,,21,35002,Fuenlabrada,40.283378,-3.799443,38.944,42.889,madrid,Madrid,,
10T0017C5,C5,Mostoles el Soto                        -Humanes,,22,35012,Humanes,40.255810,-3.828705,42.889,42.889,madrid,Madrid,,
10T0018C5,C5,Humanes                                 -Mostoles el Soto,,0,35012,Humanes,40.255810,-3.828705,0.000,42.889,madrid,Madrid,,
10T0018C5,C5,Humanes                                 -Mostoles el Soto,,1,35002,Fuenlabrada,40.283378,-3.799443,3.945,42.889,madrid,Madrid,,
10T0018C5,C5,Humanes                                 -Mostoles el Soto,,2,35010,La Serna-Fuenlabrada,40.296817,-3.792623,5.547,42.889,madrid,Madrid,,
10T0018C5,C5,Humanes                                 -Mostoles el Soto,,3,35011,Parque Polvoranca,40.312574,-3.783494,7.463,42.889,madrid,Madrid,,
10T0018C5,C5,Humanes                                 -Mostoles el Soto,,4,35001,Leganés,40.328643,-3.771316,9.526,42.889,madrid,Madrid,,
10T0018C5,C5,Humanes                                 -Mostoles el Soto,,5,35009,Zarzaquemada,40.340853,-3.748263,11.906,42.889,madrid,Madrid,,
10T0018C5,C5,Humanes                                 -Mostoles el Soto,,6,37001,Madrid-Villaverde Alto,40.341589,-3.712351,14.950,42.889,madrid,Madrid,,
10T0018C5,C5,Humanes                                 -Mostoles el Soto,,7,35704,Puente Alcocer,40.350448,-3.705115,16.111,42.889,madrid,Madrid,,
10T0018C5,C5,Humanes                                 -Mostoles el Soto,,8,35703,Orcasitas,40.367102,-3.704231,17.964,42.889,madrid,Madrid,,
10T0018C5,C5,Humanes                                 -Mostoles el Soto,,9,35702,Doce De Octubre,40.378921,-3.698699,19.359,42.889,madrid,Madrid,,
10T0018C5,C5,Humanes                                 -Mostoles el Soto,,10,18003,Méndez álvaro P.v.,40.395777,-3.677844,21.935,42.889,madrid,Madrid,,
10T0018C5,C5,Humanes                                 -Mostoles el Soto,,11,18000,Madrid-Atocha Cercanías,40.406619,-3.689439,23.490,42.889,madrid,Madrid,,
10T0018C5,C5,Humanes                                 -Mostoles el Soto,,12,35609,Embajadores,40.404648,-3.702579,24.623,42.889,madrid,Madrid,,
10T0018C5,C5,Humanes                                 -Mostoles el Soto,,13,35608,Laguna,40.399060,-3.744231,28.205,42.889,madrid,Madrid,,
10T0018C5,C5,Humanes                                 -Mostoles el Soto,,14,35600,Aluche,40.385668,-3.760734,30.247,42.889,madrid,Madrid,,
10T0018C5,C5,Humanes                                 -Mostoles el Soto,,15,35601,Maestra Justa Freire-Polidep. Aluche,40.383638,-3.768687,30.957,42.889,madrid,Madrid,,
10T0018C5,C5,Humanes                                 -Mostoles el Soto,,16,35602,Las águilas,40.381022,-3.780164,31.972,42.889,madrid,Madrid,,
10T0018C5,C5,Humanes                                 -Mostoles el Soto,,17,35603,Cuatro Vientos,40.377765,-3.791510,32.999,42.889,madrid,Madrid,,
10T0018C5,C5,Humanes                                 -Mostoles el Soto,,18,35604,San José De Valderas,40.356613,-3.815573,36.112,42.889,madrid,Madrid,,
10T0018C5,C5,Humanes                                 -Mostoles el Soto,,19,35605,Alcorcón,40.350227,-3.831702,37.652,42.889,madrid,Madrid,,
10T0018C5,C5,Humanes                                 -Mostoles el Soto,,20,35610,Las Retamas,40.342115,-3.842464,38.935,42.889,madrid,Madrid,,
10T0018C5,C5,Humanes                                 -Mostoles el Soto,,21,35606,Móstoles,40.328663,-3.863622,41.270,42.889,madrid,Madrid,,
10T0018C5,C5,Humanes                                 -Mostoles el Soto,,22,35607,Móstoles-El Soto,40.331064,-3.882456,42.889,42.889,madrid,Madrid,,
10T0019C2,C2,Alcala de Henares                       -Principe Pio,,0,70103,Alcalá De Henares,40.489081,-3.366246,0.000,32.732,madrid,Madrid,,
10T0019C2,C2,Alcala de Henares                       -Principe Pio,,1,70111,La Garena,40.480545,-3.393006,2.454,32.732,madrid,Madrid,,
10T0019C2,C2,Alcala de Henares                       -Principe Pio,,2,70112,Soto Del Henares,40.463964,-3.441408,6.944,32.732,madrid,Madrid,,
10T0019C2,C2,Alcala de Henares                       -Principe Pio,,3,70102,Torrejón De Ardoz,40.454789,-3.479730,10.343,32.732,madrid,Madrid,,
10T0019C2,C2,Alcala de Henares                       -Principe Pio,,4,70101,San Fernando De Henares,40.442780,-3.533987,15.125,32.732,madrid,Madrid,,
10T0019C2,C2,Alcala de Henares                       -Principe Pio,,5,70108,Coslada,40.423237,-3.561111,18.286,32.732,madrid,Madrid,,
10T0019C2,C2,Alcala de Henares                       -Principe Pio,,6,70100,Vicálvaro,40.401252,-3.595897,22.113,32.732,madrid,Madrid,,
10T0019C2,C2,Alcala de Henares                       -Principe Pio,,7,70109,Santa Eugenia,40.386955,-3.608986,24.051,32.732,madrid,Madrid,,
10T0019C2,C2,Alcala de Henares                       -Principe Pio,,8,70001,Vallecas,40.381961,-3.624583,25.485,32.732,madrid,Madrid,,
10T0019C2,C2,Alcala de Henares                       -Principe Pio,,9,70003,El Pozo,40.376038,-3.656141,28.238,32.732,madrid,Madrid,,
10T0019C2,C2,Alcala de Henares                       -Principe Pio,,10,70002,Asamblea De Madrid-Entrevías,40.381862,-3.668045,29.436,32.732,madrid,Madrid,,
10T0019C2,C2,Alcala de Henares                       -Principe Pio,,11,18000,Madrid-Atocha Cercanías,40.406619,-3.689439,32.732,32.732,madrid,Madrid,,
10T0020C2,C2,Principe Pio                            -Alcala de Henares,,0,18000,Madrid-Atocha Cercanías,40.406619,-3.689439,0.000,32.732,madrid,Madrid,,
10T0020C2,C2,Principe Pio                            -Alcala de Henares,,1,70002,Asamblea De Madrid-Entrevías,40.381862,-3.668045,3.296,32.732,madrid,Madrid,,
10T0020C2,C2,Principe Pio                            -Alcala de Henares,,2,70003,El Pozo,40.376038,-3.656141,4.494,32.732,madrid,Madrid,,
10T0020C2,C2,Principe Pio                            -Alcala de Henares,,3,70001,Vallecas,40.381961,-3.624583,7.247,32.732,madrid,Madrid,,
10T0020C2,C2,Principe Pio                            -Alcala de Henares,,4,70109,Santa Eugenia,40.386955,-3.608986,8.680,32.732,madrid,Madrid,,
10T0020C2,C2,Principe Pio                            -Alcala de Henares,,5,70100,Vicálvaro,40.401252,-3.595897,10.618,32.732,madrid,Madrid,,
10T0020C2,C2,Principe Pio                            -Alcala de Henares,,6,70108,Coslada,40.423237,-3.561111,14.446,32.732,madrid,Madrid,,
10T0020C2,C2,Principe Pio                            -Alcala de Henares,,7,70101,San Fernando De Henares,40.442780,-3.533987,17.607,32.732,madrid,Madrid,,
10T0020C2,C2,Principe Pio                            -Alcala de Henares,,8,70102,Torrejón De Ardoz,40.454789,-3.479730,22.388,32.732,madrid,Madrid,,
10T0020C2,C2,Principe Pio                            -Alcala de Henares,,9,70112,Soto Del Henares,40.463964,-3.441408,25.787,32.732,madrid,Madrid,,
10T0020C2,C2,Principe Pio                            -Alcala de Henares,,10,70111,La Garena,40.480545,-3.393006,30.277,32.732,madrid,Madrid,,
10T0020C2,C2,Principe Pio                            -Alcala de Henares,,11,70103,Alcalá De Henares,40.489081,-3.366246,32.732,32.732,madrid,Madrid,,
10T0025C9,C9,Cercedilla                              -Cotos,,0,12006,Cercedilla,40.737613,-4.066299,0.000,12.755,madrid,Madrid,,
10T0025C9,C9,Cercedilla                              -Cotos,,1,12020,Puerto De Navacerrada,40.784468,-4.004774,7.348,12.755,madrid,Madrid,,
10T0025C9,C9,Cercedilla                              -Cotos,,2,12023,Los Cotos,40.822342,-3.964496,12.755,12.755,madrid,Madrid,,
10T0026C9,C9,Cotos                                   -Cercedilla,,0,12023,Los Cotos,40.822342,-3.964496,0.000,12.755,madrid,Madrid,,
10T0026C9,C9,Cotos                                   -Cercedilla,,1,12020,Puerto De Navacerrada,40.784468,-4.004774,5.406,12.755,madrid,Madrid,,
10T0026C9,C9,Cotos                                   -Cercedilla,,2,12006,Cercedilla,40.737613,-4.066299,12.755,12.755,madrid,Madrid,,
10T0035C5,C5,-Fuenlabrada,,0,35002,Fuenlabrada,40.283378,-3.799443,0.000,38.944,madrid,Madrid,,
10T0035C5,C5,-Fuenlabrada,,1,35010,La Serna-Fuenlabrada,40.296817,-3.792623,1.602,38.944,madrid,Madrid,,
10T0035C5,C5,-Fuenlabrada,,2,35011,Parque Polvoranca,40.312574,-3.783494,3.518,38.944,madrid,Madrid,,
10T0035C5,C5,-Fuenlabrada,,3,35001,Leganés,40.328643,-3.771316,5.581,38.944,madrid,Madrid,,
10T0035C5,C5,-Fuenlabrada,,4,35009,Zarzaquemada,40.340853,-3.748263,7.961,38.944,madrid,Madrid,,
10T0035C5,C5,-Fuenlabrada,,5,37001,Madrid-Villaverde Alto,40.341589,-3.712351,11.006,38.944,madrid,Madrid,,
10T0035C5,C5,-Fuenlabrada,,6,35704,Puente Alcocer,40.350448,-3.705115,12.166,38.944,madrid,Madrid,,
10T0035C5,C5,-Fuenlabrada,,7,35703,Orcasitas,40.367102,-3.704231,14.019,38.944,madrid,Madrid,,
10T0035C5,C5,-Fuenlabrada,,8,35702,Doce De Octubre,40.378921,-3.698699,15.415,38.944,madrid,Madrid,,
10T0035C5,C5,-Fuenlabrada,,9,18003,Méndez álvaro P.v.,40.395777,-3.677844,17.990,38.944,madrid,Madrid,,
10T0035C5,C5,-Fuenlabrada,,10,18000,Madrid-Atocha Cercanías,40.406619,-3.689439,19.545,38.944,madrid,Madrid,,
10T0035C5,C5,-Fuenlabrada,,11,35609,Embajadores,40.404648,-3.702579,20.679,38.944,madrid,Madrid,,
10T0035C5,C5,-Fuenlabrada,,12,35608,Laguna,40.399060,-3.744231,24.260,38.944,madrid,Madrid,,
10T0035C5,C5,-Fuenlabrada,,13,35600,Aluche,40.385668,-3.760734,26.302,38.944,madrid,Madrid,,
10T0035C5,C5,-Fuenlabrada,,14,35601,Maestra Justa Freire-Polidep. Aluche,40.383638,-3.768687,27.013,38.944,madrid,Madrid,,
10T0035C5,C5,-Fuenlabrada,,15,35602,Las águilas,40.381022,-3.780164,28.027,38.944,madrid,Madrid,,
10T0035C5,C5,-Fuenlabrada,,16,35603,Cuatro Vientos,40.377765,-3.791510,29.054,38.944,madrid,Madrid,,
10T0035C5,C5,-Fuenlabrada,,17,35604,San José De Valderas,40.356613,-3.815573,32.167,38.944,madrid,Madrid,,
10T0035C5,C5,-Fuenlabrada,,18,35605,Alcorcón,40.350227,-3.831702,33.707,38.944,madrid,Madrid,,
10T0035C5,C5,-Fuenlabrada,,19,35610,Las Retamas,40.342115,-3.842464,34.990,38.944,madrid,Madrid,,
10T0035C5,C5,-Fuenlabrada,,20,35606,Móstoles,40.328663,-3.863622,37.325,38.944,madrid,Madrid,,
10T0035C5,C5,-Fuenlabrada,,21,35607,Móstoles-El Soto,40.331064,-3.882456,38.944,38.944,madrid,Madrid,,
10T0037C2,C2,Alcala de Henares                       -Nuevos Ministerios,,0,70103,Alcalá De Henares,40.489081,-3.366246,0.000,37.187,madrid,Madrid,,
10T0037C2,C2,Alcala de Henares                       -Nuevos Ministerios,,1,70111,La Garena,40.480545,-3.393006,2.454,37.187,madrid,Madrid,,
10T0037C2,C2,Alcala de Henares                       -Nuevos Ministerios,,2,70112,Soto Del Henares,40.463964,-3.441408,6.944,37.187,madrid,Madrid,,
10T0037C2,C2,Alcala de Henares                       -Nuevos Ministerios,,3,70102,Torrejón De Ardoz,40.454789,-3.479730,10.343,37.187,madrid,Madrid,,
10T0037C2,C2,Alcala de Henares                       -Nuevos Ministerios,,4,70101,San Fernando De Henares,40.442780,-3.533987,15.125,37.187,madrid,Madrid,,
10T0037C2,C2,Alcala de Henares                       -Nuevos Ministerios,,5,70108,Coslada,40.423237,-3.561111,18.286,37.187,madrid,Madrid,,
10T0037C2,C2,Alcala de Henares                       -Nuevos Ministerios,,6,70100,Vicálvaro,40.401252,-3.595897,22.113,37.187,madrid,Madrid,,
10T0037C2,C2,Alcala de Henares                       -Nuevos Ministerios,,7,70109,Santa Eugenia,40.386955,-3.608986,24.051,37.187,madrid,Madrid,,
10T0037C2,C2,Alcala de Henares                       -Nuevos Ministerios,,8,70001,Vallecas,40.381961,-3.624583,25.485,37.187,madrid,Madrid,,
10T0037C2,C2,Alcala de Henares                       -Nuevos Ministerios,,9,70003,El Pozo,40.376038,-3.656141,28.238,37.187,madrid,Madrid,,
10T0037C2,C2,Alcala de Henares                       -Nuevos Ministerios,,10,70002,Asamblea De Madrid-Entrevías,40.381862,-3.668045,29.436,37.187,madrid,Madrid,,
10T0037C2,C2,Alcala de Henares                       -Nuevos Ministerios,,11,18000,Madrid-Atocha Cercanías,40.406619,-3.689439,32.732,37.187,madrid,Madrid,,
10T0037C2,C2,Alcala de Henares                       -Nuevos Ministerios,,12,18001,Madrid-Recoletos,40.423373,-3.690931,34.599,37.187,madrid,Madrid,,
10T0037C2,C2,Alcala de Henares                       -Nuevos Ministerios,,13,18002,Madrid-Nuevos Ministerios,40.446627,-3.692347,37.187,37.187,madrid,Madrid,,
10T0049C2,C2,Guadalajara                             -Atocha,,0,70200,Guadalajara,40.644193,-3.182260,0.000,56.077,madrid,Madrid,,
10T0049C2,C2,Guadalajara                             -Atocha,,1,70105,Azuqueca,40.561077,-3.265397,11.605,56.077,madrid,Madrid,,
10T0049C2,C2,Guadalajara                             -Atocha,,2,70104,Meco,40.534673,-3.298681,15.671,56.077,madrid,Madrid,,
10T0049C2,C2,Guadalajara                             -Atocha,,3,70107,Alcalá De Henares-Universidad,40.505430,-3.335326,20.162,56.077,madrid,Madrid,,
10T0049C2,C2,Guadalajara                             -Atocha,,4,70103,Alcalá De Henares,40.489081,-3.366246,23.346,56.077,madrid,Madrid,,
10T0049C2,C2,Guadalajara                             -Atocha,,5,70111,La Garena,40.480545,-3.393006,25.800,56.077,madrid,Madrid,,
10T0049C2,C2,Guadalajara                             -Atocha,,6,70112,Soto Del Henares,40.463964,-3.441408,30.290,56.077,madrid,Madrid,,
10T0049C2,C2,Guadalajara                             -Atocha,,7,70102,Torrejón De Ardoz,40.454789,-3.479730,33.689,56.077,madrid,Madrid,,
10T0049C2,C2,Guadalajara                             -Atocha,,8,70101,San Fernando De Henares,40.442780,-3.533987,38.471,56.077,madrid,Madrid,,
10T0049C2,C2,Guadalajara                             -Atocha,,9,70108,Coslada,40.423237,-3.561111,41.632,56.077,madrid,Madrid,,
10T0049C2,C2,Guadalajara                             -Atocha,,10,70100,Vicálvaro,40.401252,-3.595897,45.459,56.077,madrid,Madrid,,
10T0049C2,C2,Guadalajara                             -Atocha,,11,70109,Santa Eugenia,40.386955,-3.608986,47.397,56.077,madrid,Madrid,,
10T0049C2,C2,Guadalajara                             -Atocha,,12,70001,Vallecas,40.381961,-3.624583,48.830,56.077,madrid,Madrid,,
10T0049C2,C2,Guadalajara                             -Atocha,,13,70003,El Pozo,40.376038,-3.656141,51.583,56.077,madrid,Madrid,,
10T0049C2,C2,Guadalajara                             -Atocha,,14,70002,Asamblea De Madrid-Entrevías,40.381862,-3.668045,52.782,56.077,madrid,Madrid,,
10T0049C2,C2,Guadalajara                             -Atocha,,15,18000,Madrid-Atocha Cercanías,40.406619,-3.689439,56.077,56.077,madrid,Madrid,,
10T0050C2,C2,Atocha                                  -Guadalajara,,0,18000,Madrid-Atocha Cercanías,40.406619,-3.689439,0.000,56.077,madrid,Madrid,,
10T0050C2,C2,Atocha                                  -Guadalajara,,1,70002,Asamblea De Madrid-Entrevías,40.381862,-3.668045,3.296,56.077,madrid,Madrid,,
10T0050C2,C2,Atocha                                  -Guadalajara,,2,70003,El Pozo,40.376038,-3.656141,4.494,56.077,madrid,Madrid,,
10T0050C2,C2,Atocha                                  -Guadalajara,,3,70001,Vallecas,40.381961,-3.624583,7.247,56.077,madrid,Madrid,,
10T0050C2,C2,Atocha                                  -Guadalajara,,4,70109,Santa Eugenia,40.386955,-3.608986,8.680,56.077,madrid,Madrid,,
10T0050C2,C2,Atocha                                  -Guadalajara,,5,70100,Vicálvaro,40.401252,-3.595897,10.618,56.077,madrid,Madrid,,
10T0050C2,C2,Atocha                                  -Guadalajara,,6,70108,Coslada,40.423237,-3.561111,14.446,56.077,madrid,Madrid,,
10T0050C2,C2,Atocha                                  -Guadalajara,,7,70101,San Fernando De Henares,40.442780,-3.533987,17.607,56.077,madrid,Madrid,,
10T0050C2,C2,Atocha                                  -Guadalajara,,8,70102,Torrejón De Ardoz,40.454789,-3.479730,22.388,56.077,madrid,Madrid,,
10T0050C2,C2,Atocha                                  -Guadalajara,,9,70112,Soto Del Henares,40.463964,-3.441408,25.787,56.077,madrid,Madrid,,
10T0050C2,C2,Atocha                                  -Guadalajara,,10,70111,La Garena,40.480545,-3.393006,30.277,56.077,madrid,Madrid,,
10T0050C2,C2,Atocha                                  -Guadalajara,,11,70103,Alcalá De Henares,40.489081,-3.366246,32.732,56.077,madrid,Madrid,,
10T0050C2,C2,Atocha                                  -Guadalajara,,12,70107,Alcalá De Henares-Universidad,40.505430,-3.335326,35.916,56.077,madrid,Madrid,,
10T0050C2,C2,Atocha                                  -Guadalajara,,13,70104,Meco,40.534673,-3.298681,40.407,56.077,madrid,Madrid,,
10T0050C2,C2,Atocha                                  -Guadalajara,,14,70105,Azuqueca,40.561077,-3.265397,44.472,56.077,madrid,Madrid,,
10T0050C2,C2,Atocha                                  -Guadalajara,,15,70200,Guadalajara,40.644193,-3.182260,56.077,56.077,madrid,Madrid,,
10T0051C7,C7,Principe Pio                            -Chamartín - Clara Campoamor,,0,10000,Madrid-Príncipe Pío,40.421489,-3.718969,0.000,73.494,madrid,Madrid,,
10T0051C7,C7,Principe Pio                            -Chamartín - Clara Campoamor,,1,10001,Aravaca,40.448455,-3.785555,6.384,73.494,madrid,Madrid,,
10T0051C7,C7,Principe Pio                            -Chamartín - Clara Campoamor,,2,10002,Pozuelo,40.447457,-3.800278,7.634,73.494,madrid,Madrid,,
10T0051C7,C7,Principe Pio                            -Chamartín - Clara Campoamor,,3,10010,El Barrial-Centro Comercial Pozuelo,40.465392,-3.807685,9.725,73.494,madrid,Madrid,,
10T0051C7,C7,Principe Pio                            -Chamartín - Clara Campoamor,,4,10007,Majadahonda,40.474289,-3.846293,13.137,73.494,madrid,Madrid,,
10T0051C7,C7,Principe Pio                            -Chamartín - Clara Campoamor,,5,10005,Las Rozas,40.494289,-3.868175,16.030,73.494,madrid,Madrid,,
10T0051C7,C7,Principe Pio                            -Chamartín - Clara Campoamor,,6,97100,Pitis,40.495417,-3.726160,28.040,73.494,madrid,Madrid,,
10T0051C7,C7,Principe Pio                            -Chamartín - Clara Campoamor,,7,97200,Mirasierra-Paco De Lucía,40.499759,-3.709251,29.549,73.494,madrid,Madrid,,
10T0051C7,C7,Principe Pio                            -Chamartín - Clara Campoamor,,8,97201,Madrid-Ramón Y Cajal,40.488147,-3.694804,31.326,73.494,madrid,Madrid,,
10T0051C7,C7,Principe Pio                            -Chamartín - Clara Campoamor,,9,17000,Madrid-Chamartín-Clara Campoamor,40.471179,-3.682952,33.463,73.494,madrid,Madrid,,
10T0051C7,C7,Principe Pio                            -Chamartín - Clara Campoamor,,10,18002,Madrid-Nuevos Ministerios,40.446627,-3.692347,36.306,73.494,madrid,Madrid,,
10T0051C7,C7,Principe Pio                            -Chamartín - Clara Campoamor,,11,18001,Madrid-Recoletos,40.423373,-3.690931,38.895,73.494,madrid,Madrid,,
10T0051C7,C7,Principe Pio                            -Chamartín - Clara Campoamor,,12,18000,Madrid-Atocha Cercanías,40.406619,-3.689439,40.762,73.494,madrid,Madrid,,
10T0051C7,C7,Principe Pio                            -Chamartín - Clara Campoamor,,13,70002,Asamblea De Madrid-Entrevías,40.381862,-3.668045,44.058,73.494,madrid,Madrid,,
10T0051C7,C7,Principe Pio                            -Chamartín - Clara Campoamor,,14,70003,El Pozo,40.376038,-3.656141,45.256,73.494,madrid,Madrid,,
10T0051C7,C7,Principe Pio                            -Chamartín - Clara Campoamor,,15,70001,Vallecas,40.381961,-3.624583,48.009,73.494,madrid,Madrid,,
10T0051C7,C7,Principe Pio                            -Chamartín - Clara Campoamor,,16,70109,Santa Eugenia,40.386955,-3.608986,49.442,73.494,madrid,Madrid,,
10T0051C7,C7,Principe Pio                            -Chamartín - Clara Campoamor,,17,70100,Vicálvaro,40.401252,-3.595897,51.380,73.494,madrid,Madrid,,
10T0051C7,C7,Principe Pio                            -Chamartín - Clara Campoamor,,18,70108,Coslada,40.423237,-3.561111,55.208,73.494,madrid,Madrid,,
10T0051C7,C7,Principe Pio                            -Chamartín - Clara Campoamor,,19,70101,San Fernando De Henares,40.442780,-3.533987,58.369,73.494,madrid,Madrid,,
10T0051C7,C7,Principe Pio                            -Chamartín - Clara Campoamor,,20,70102,Torrejón De Ardoz,40.454789,-3.479730,63.150,73.494,madrid,Madrid,,
10T0051C7,C7,Principe Pio                            -Chamartín - Clara Campoamor,,21,70112,Soto Del Henares,40.463964,-3.441408,66.549,73.494,madrid,Madrid,,
10T0051C7,C7,Principe Pio                            -Chamartín - Clara Campoamor,,22,70111,La Garena,40.480545,-3.393006,71.039,73.494,madrid,Madrid,,
10T0051C7,C7,Principe Pio                            -Chamartín - Clara Campoamor,,23,70103,Alcalá De Henares,40.489081,-3.366246,73.494,73.494,madrid,Madrid,,
10T0052C7,C7,Chamartín - Clara Campoamor             -Principe Pio,,0,70200,Guadalajara,40.644193,-3.182260,0.000,96.840,madrid,Madrid,,
10T0052C7,C7,Chamartín - Clara Campoamor             -Principe Pio,,1,70105,Azuqueca,40.561077,-3.265397,11.605,96.840,madrid,Madrid,,
10T0052C7,C7,Chamartín - Clara Campoamor             -Principe Pio,,2,70104,Meco,40.534673,-3.298681,15.671,96.840,madrid,Madrid,,
10T0052C7,C7,Chamartín - Clara Campoamor             -Principe Pio,,3,70107,Alcalá De Henares-Universidad,40.505430,-3.335326,20.162,96.840,madrid,Madrid,,
10T0052C7,C7,Chamartín - Clara Campoamor             -Principe Pio,,4,70103,Alcalá De Henares,40.489081,-3.366246,23.346,96.840,madrid,Madrid,,
10T0052C7,C7,Chamartín - Clara Campoamor             -Principe Pio,,5,70111,La Garena,40.480545,-3.393006,25.800,96.840,madrid,Madrid,,
10T0052C7,C7,Chamartín - Clara Campoamor             -Principe Pio,,6,70112,Soto Del Henares,40.463964,-3.441408,30.290,96.840,madrid,Madrid,,
10T0052C7,C7,Chamartín - Clara Campoamor             -Principe Pio,,7,70102,Torrejón De Ardoz,40.454789,-3.479730,33.689,96.840,madrid,Madrid,,
10T0052C7,C7,Chamartín - Clara Campoamor             -Principe Pio,,8,70101,San Fernando De Henares,40.442780,-3.533987,38.471,96.840,madrid,Madrid,,
10T0052C7,C7,Chamartín - Clara Campoamor             -Principe Pio,,9,70108,Coslada,40.423237,-3.561111,41.632,96.840,madrid,Madrid,,
10T0052C7,C7,Chamartín - Clara Campoamor             -Principe Pio,,10,70100,Vicálvaro,40.401252,-3.595897,45.459,96.840,madrid,Madrid,,
10T0052C7,C7,Chamartín - Clara Campoamor             -Principe Pio,,11,70109,Santa Eugenia,40.386955,-3.608986,47.397,96.840,madrid,Madrid,,
10T0052C7,C7,Chamartín - Clara Campoamor             -Principe Pio,,12,70001,Vallecas,40.381961,-3.624583,48.830,96.840,madrid,Madrid,,
10T0052C7,C7,Chamartín - Clara Campoamor             -Principe Pio,,13,70003,El Pozo,40.376038,-3.656141,51.583,96.840,madrid,Madrid,,
10T0052C7,C7,Chamartín - Clara Campoamor             -Principe Pio,,14,70002,Asamblea De Madrid-Entrevías,40.381862,-3.668045,52.782,96.840,madrid,Madrid,,
10T0052C7,C7,Chamartín - Clara Campoamor             -Principe Pio,,15,18000,Madrid-Atocha Cercanías,40.406619,-3.689439,56.077,96.840,madrid,Madrid,,
10T0052C7,C7,Chamartín - Clara Campoamor             -Principe Pio,,16,18001,Madrid-Recoletos,40.423373,-3.690931,57.945,96.840,madrid,Madrid,,
10T0052C7,C7,Chamartín - Clara Campoamor             -Principe Pio,,17,18002,Madrid-Nuevos Ministerios,40.446627,-3.692347,60.533,96.840,madrid,Madrid,,
10T0052C7,C7,Chamartín - Clara Campoamor             -Principe Pio,,18,17000,Madrid-Chamartín-Clara Campoamor,40.471179,-3.682952,63.377,96.840,madrid,Madrid,,
10T0052C7,C7,Chamartín - Clara Campoamor             -Principe Pio,,19,97201,Madrid-Ramón Y Cajal,40.488147,-3.694804,65.513,96.840,madrid,Madrid,,
10T0052C7,C7,Chamartín - Clara Campoamor             -Principe Pio,,20,97200,Mirasierra-Paco De Lucía,40.499759,-3.709251,67.291,96.840,madrid,Madrid,,
10T0052C7,C7,Chamartín - Clara Campoamor             -Principe Pio,,21,97100,Pitis,40.495417,-3.726160,68.800,96.840,madrid,Madrid,,
10T0052C7,C7,Chamartín - Clara Campoamor             -Principe Pio,,22,10005,Las Rozas,40.494289,-3.868175,80.809,96.840,madrid,Madrid,,
10T0052C7,C7,Chamartín - Clara Campoamor             -Principe Pio,,23,10007,Majadahonda,40.474289,-3.846293,83.702,96.840,madrid,Madrid,,
10T0052C7,C7,Chamartín - Clara Campoamor             -Principe Pio,,24,10010,El Barrial-Centro Comercial Pozuelo,40.465392,-3.807685,87.115,96.840,madrid,Madrid,,
10T0052C7,C7,Chamartín - Clara Campoamor             -Principe Pio,,25,10002,Pozuelo,40.447457,-3.800278,89.205,96.840,madrid,Madrid,,
10T0052C7,C7,Chamartín - Clara Campoamor             -Principe Pio,,26,10001,Aravaca,40.448455,-3.785555,90.456,96.840,madrid,Madrid,,
10T0052C7,C7,Chamartín - Clara Campoamor             -Principe Pio,,27,10000,Madrid-Príncipe Pío,40.421489,-3.718969,96.840,96.840,madrid,Madrid,,
10T0053C7,C7,Principe Pio                            -Atocha,,0,10000,Madrid-Príncipe Pío,40.421489,-3.718969,0.000,40.762,madrid,Madrid,,
10T0053C7,C7,Principe Pio                            -Atocha,,1,10001,Aravaca,40.448455,-3.785555,6.384,40.762,madrid,Madrid,,
10T0053C7,C7,Principe Pio                            -Atocha,,2,10002,Pozuelo,40.447457,-3.800278,7.634,40.762,madrid,Madrid,,
10T0053C7,C7,Principe Pio                            -Atocha,,3,10010,El Barrial-Centro Comercial Pozuelo,40.465392,-3.807685,9.725,40.762,madrid,Madrid,,
10T0053C7,C7,Principe Pio                            -Atocha,,4,10007,Majadahonda,40.474289,-3.846293,13.137,40.762,madrid,Madrid,,
10T0053C7,C7,Principe Pio                            -Atocha,,5,10005,Las Rozas,40.494289,-3.868175,16.030,40.762,madrid,Madrid,,
10T0053C7,C7,Principe Pio                            -Atocha,,6,97100,Pitis,40.495417,-3.726160,28.040,40.762,madrid,Madrid,,
10T0053C7,C7,Principe Pio                            -Atocha,,7,97200,Mirasierra-Paco De Lucía,40.499759,-3.709251,29.549,40.762,madrid,Madrid,,
10T0053C7,C7,Principe Pio                            -Atocha,,8,97201,Madrid-Ramón Y Cajal,40.488147,-3.694804,31.326,40.762,madrid,Madrid,,
10T0053C7,C7,Principe Pio                            -Atocha,,9,17000,Madrid-Chamartín-Clara Campoamor,40.471179,-3.682952,33.463,40.762,madrid,Madrid,,
10T0053C7,C7,Principe Pio                            -Atocha,,10,18002,Madrid-Nuevos Ministerios,40.446627,-3.692347,36.306,40.762,madrid,Madrid,,
10T0053C7,C7,Principe Pio                            -Atocha,,11,18001,Madrid-Recoletos,40.423373,-3.690931,38.895,40.762,madrid,Madrid,,
10T0053C7,C7,Principe Pio                            -Atocha,,12,18000,Madrid-Atocha Cercanías,40.406619,-3.689439,40.762,40.762,madrid,Madrid,,
10T0054C7,C7,Atocha                                  -Principe Pio,,0,18000,Madrid-Atocha Cercanías,40.406619,-3.689439,0.000,40.762,madrid,Madrid,,
10T0054C7,C7,Atocha                                  -Principe Pio,,1,18001,Madrid-Recoletos,40.423373,-3.690931,1.867,40.762,madrid,Madrid,,
10T0054C7,C7,Atocha                                  -Principe Pio,,2,18002,Madrid-Nuevos Ministerios,40.446627,-3.692347,4.456,40.762,madrid,Madrid,,
10T0054C7,C7,Atocha                                  -Principe Pio,,3,17000,Madrid-Chamartín-Clara Campoamor,40.471179,-3.682952,7.299,40.762,madrid,Madrid,,
10T0054C7,C7,Atocha                                  -Principe Pio,,4,97201,Madrid-Ramón Y Cajal,40.488147,-3.694804,9.436,40.762,madrid,Madrid,,
10T0054C7,C7,Atocha                                  -Principe Pio,,5,97200,Mirasierra-Paco De Lucía,40.499759,-3.709251,11.213,40.762,madrid,Madrid,,
10T0054C7,C7,Atocha                                  -Principe Pio,,6,97100,Pitis,40.495417,-3.726160,12.722,40.762,madrid,Madrid,,
10T0054C7,C7,Atocha                                  -Principe Pio,,7,10005,Las Rozas,40.494289,-3.868175,24.732,40.762,madrid,Madrid,,
10T0054C7,C7,Atocha                                  -Principe Pio,,8,10007,Majadahonda,40.474289,-3.846293,27.625,40.762,madrid,Madrid,,
10T0054C7,C7,Atocha                                  -Principe Pio,,9,10010,El Barrial-Centro Comercial Pozuelo,40.465392,-3.807685,31.037,40.762,madrid,Madrid,,
10T0054C7,C7,Atocha                                  -Principe Pio,,10,10002,Pozuelo,40.447457,-3.800278,33.128,40.762,madrid,Madrid,,
10T0054C7,C7,Atocha                                  -Principe Pio,,11,10001,Aravaca,40.448455,-3.785555,34.379,40.762,madrid,Madrid,,
10T0054C7,C7,Atocha                                  -Principe Pio,,12,10000,Madrid-Príncipe Pío,40.421489,-3.718969,40.762,40.762,madrid,Madrid,,
10T0058C7,C7,Pinar de las Rozas                      -Principe Pio,,0,10100,Pinar De Las Rozas,40.522267,-3.882248,0.000,19.361,madrid,Madrid,,
10T0058C7,C7,Pinar de las Rozas                      -Principe Pio,,1,10005,Las Rozas,40.494289,-3.868175,3.331,19.361,madrid,Madrid,,
10T0058C7,C7,Pinar de las Rozas                      -Principe Pio,,2,10007,Majadahonda,40.474289,-3.846293,6.224,19.361,madrid,Madrid,,
10T0058C7,C7,Pinar de las Rozas                      -Principe Pio,,3,10010,El Barrial-Centro Comercial Pozuelo,40.465392,-3.807685,9.636,19.361,madrid,Madrid,,
10T0058C7,C7,Pinar de las Rozas                      -Principe Pio,,4,10002,Pozuelo,40.447457,-3.800278,11.727,19.361,madrid,Madrid,,
10T0058C7,C7,Pinar de las Rozas                      -Principe Pio,,5,10001,Aravaca,40.448455,-3.785555,12.978,19.361,madrid,Madrid,,
10T0058C7,C7,Pinar de las Rozas                      -Principe Pio,,6,10000,Madrid-Príncipe Pío,40.421489,-3.718969,19.361,19.361,madrid,Madrid,,
10T0059C7,C7,Chamartín - Clara Campoamor             -Alcala de Henares,,0,17000,Madrid-Chamartín-Clara Campoamor,40.471179,-3.682952,0.000,40.031,madrid,Madrid,,
10T0059C7,C7,Chamartín - Clara Campoamor             -Alcala de Henares,,1,18002,Madrid-Nuevos Ministerios,40.446627,-3.692347,2.843,40.031,madrid,Madrid,,
10T0059C7,C7,Chamartín - Clara Campoamor             -Alcala de Henares,,2,18001,Madrid-Recoletos,40.423373,-3.690931,5.432,40.031,madrid,Madrid,,
10T0059C7,C7,Chamartín - Clara Campoamor             -Alcala de Henares,,3,18000,Madrid-Atocha Cercanías,40.406619,-3.689439,7.299,40.031,madrid,Madrid,,
10T0059C7,C7,Chamartín - Clara Campoamor             -Alcala de Henares,,4,70002,Asamblea De Madrid-Entrevías,40.381862,-3.668045,10.595,40.031,madrid,Madrid,,
10T0059C7,C7,Chamartín - Clara Campoamor             -Alcala de Henares,,5,70003,El Pozo,40.376038,-3.656141,11.793,40.031,madrid,Madrid,,
10T0059C7,C7,Chamartín - Clara Campoamor             -Alcala de Henares,,6,70001,Vallecas,40.381961,-3.624583,14.546,40.031,madrid,Madrid,,
10T0059C7,C7,Chamartín - Clara Campoamor             -Alcala de Henares,,7,70109,Santa Eugenia,40.386955,-3.608986,15.979,40.031,madrid,Madrid,,
10T0059C7,C7,Chamartín - Clara Campoamor             -Alcala de Henares,,8,70100,Vicálvaro,40.401252,-3.595897,17.917,40.031,madrid,Madrid,,
10T0059C7,C7,Chamartín - Clara Campoamor             -Alcala de Henares,,9,70108,Coslada,40.423237,-3.561111,21.745,40.031,madrid,Madrid,,
10T0059C7,C7,Chamartín - Clara Campoamor             -Alcala de Henares,,10,70101,San Fernando De Henares,40.442780,-3.533987,24.906,40.031,madrid,Madrid,,
10T0059C7,C7,Chamartín - Clara Campoamor             -Alcala de Henares,,11,70102,Torrejón De Ardoz,40.454789,-3.479730,29.687,40.031,madrid,Madrid,,
10T0059C7,C7,Chamartín - Clara Campoamor             -Alcala de Henares,,12,70112,Soto Del Henares,40.463964,-3.441408,33.086,40.031,madrid,Madrid,,
10T0059C7,C7,Chamartín - Clara Campoamor             -Alcala de Henares,,13,70111,La Garena,40.480545,-3.393006,37.577,40.031,madrid,Madrid,,
10T0059C7,C7,Chamartín - Clara Campoamor             -Alcala de Henares,,14,70103,Alcalá De Henares,40.489081,-3.366246,40.031,40.031,madrid,Madrid,,
10T0060C7,C7,Alcala de Henares                       -Chamartín - Clara Campoamor,,0,70103,Alcalá De Henares,40.489081,-3.366246,0.000,40.031,madrid,Madrid,,
10T0060C7,C7,Alcala de Henares                       -Chamartín - Clara Campoamor,,1,70111,La Garena,40.480545,-3.393006,2.454,40.031,madrid,Madrid,,
10T0060C7,C7,Alcala de Henares                       -Chamartín - Clara Campoamor,,2,70112,Soto Del Henares,40.463964,-3.441408,6.944,40.031,madrid,Madrid,,
10T0060C7,C7,Alcala de Henares                       -Chamartín - Clara Campoamor,,3,70102,Torrejón De Ardoz,40.454789,-3.479730,10.343,40.031,madrid,Madrid,,
10T0060C7,C7,Alcala de Henares                       -Chamartín - Clara Campoamor,,4,70101,San Fernando De Henares,40.442780,-3.533987,15.125,40.031,madrid,Madrid,,
10T0060C7,C7,Alcala de Henares                       -Chamartín - Clara Campoamor,,5,70108,Coslada,40.423237,-3.561111,18.286,40.031,madrid,Madrid,,
10T0060C7,C7,Alcala de Henares                       -Chamartín - Clara Campoamor,,6,70100,Vicálvaro,40.401252,-3.595897,22.113,40.031,madrid,Madrid,,
10T0060C7,C7,Alcala de Henares                       -Chamartín - Clara Campoamor,,7,70109,Santa Eugenia,40.386955,-3.608986,24.051,40.031,madrid,Madrid,,
10T0060C7,C7,Alcala de Henares                       -Chamartín - Clara Campoamor,,8,70001,Vallecas,40.381961,-3.624583,25.485,40.031,madrid,Madrid,,
10T0060C7,C7,Alcala de Henares                       -Chamartín - Clara Campoamor,,9,70003,El Pozo,40.376038,-3.656141,28.238,40.031,madrid,Madrid,,
10T0060C7,C7,Alcala de Henares                       -Chamartín - Clara Campoamor,,10,70002,Asamblea De Madrid-Entrevías,40.381862,-3.668045,29.436,40.031,madrid,Madrid,,
10T0060C7,C7,Alcala de Henares                       -Chamartín - Clara Campoamor,,11,18000,Madrid-Atocha Cercanías,40.406619,-3.689439,32.732,40.031,madrid,Madrid,,
10T0060C7,C7,Alcala de Henares                       -Chamartín - Clara Campoamor,,12,18001,Madrid-Recoletos,40.423373,-3.690931,34.599,40.031,madrid,Madrid,,
10T0060C7,C7,Alcala de Henares                       -Chamartín - Clara Campoamor,,13,18002,Madrid-Nuevos Ministerios,40.446627,-3.692347,37.187,40.031,madrid,Madrid,,
10T0060C7,C7,Alcala de Henares                       -Chamartín - Clara Campoamor,,14,17000,Madrid-Chamartín-Clara Campoamor,40.471179,-3.682952,40.031,40.031,madrid,Madrid,,
10T0061C8a,C8a,El Escorial                             -Chamartín - Clara Campoamor,,0,17000,Madrid-Chamartín-Clara Campoamor,40.471179,-3.682952,0.000,65.920,madrid,Madrid,,
10T0061C8a,C8a,El Escorial                             -Chamartín - Clara Campoamor,,1,97201,Madrid-Ramón Y Cajal,40.488147,-3.694804,2.137,65.920,madrid,Madrid,,
10T0061C8a,C8a,El Escorial                             -Chamartín - Clara Campoamor,,2,97200,Mirasierra-Paco De Lucía,40.499759,-3.709251,3.914,65.920,madrid,Madrid,,
10T0061C8a,C8a,El Escorial                             -Chamartín - Clara Campoamor,,3,97100,Pitis,40.495417,-3.726160,5.423,65.920,madrid,Madrid,,
10T0061C8a,C8a,El Escorial                             -Chamartín - Clara Campoamor,,4,10100,Pinar De Las Rozas,40.522267,-3.882248,18.953,65.920,madrid,Madrid,,
10T0061C8a,C8a,El Escorial                             -Chamartín - Clara Campoamor,,5,10101,Las Matas,40.552387,-3.896766,22.519,65.920,madrid,Madrid,,
10T0061C8a,C8a,El Escorial                             -Chamartín - Clara Campoamor,,6,10103,Torrelodones,40.574554,-3.956601,28.143,65.920,madrid,Madrid,,
10T0061C8a,C8a,El Escorial                             -Chamartín - Clara Campoamor,,7,10104,Galapagar-La Navata,40.600314,-3.982259,31.734,65.920,madrid,Madrid,,
10T0061C8a,C8a,El Escorial                             -Chamartín - Clara Campoamor,,8,10200,Villalba De Guadarrama,40.626489,-4.008030,35.368,65.920,madrid,Madrid,,
10T0061C8a,C8a,El Escorial                             -Chamartín - Clara Campoamor,,9,10201,San Yago,40.617895,-4.031075,37.535,65.920,madrid,Madrid,,
10T0061C8a,C8a,El Escorial                             -Chamartín - Clara Campoamor,,10,10202,Las Zorreras-Navalquejigo,40.609312,-4.046363,39.140,65.920,madrid,Madrid,,
10T0061C8a,C8a,El Escorial                             -Chamartín - Clara Campoamor,,11,10203,El Escorial,40.585367,-4.132405,46.877,65.920,madrid,Madrid,,
10T0061C8a,C8a,El Escorial                             -Chamartín - Clara Campoamor,,12,10204,Zarzalejo,40.538927,-4.158066,52.478,65.920,madrid,Madrid,,
10T0061C8a,C8a,El Escorial                             -Chamartín - Clara Campoamor,,13,10205,Robledo De Chavela,40.520824,-4.246759,60.239,65.920,madrid,Madrid,,
10T0061C8a,C8a,El Escorial                             -Chamartín - Clara Campoamor,,14,10206,Santa María De La Alameda-Peguerinos,40.569001,-4.269126,65.920,65.920,madrid,Madrid,,
10T0062C8a,C8a,Chamartín - Clara Campoamor             -El Escorial,,0,17000,Madrid-Chamartín-Clara Campoamor,40.471179,-3.682952,0.000,46.877,madrid,Madrid,,
10T0062C8a,C8a,Chamartín - Clara Campoamor             -El Escorial,,1,97201,Madrid-Ramón Y Cajal,40.488147,-3.694804,2.137,46.877,madrid,Madrid,,
10T0062C8a,C8a,Chamartín - Clara Campoamor             -El Escorial,,2,97200,Mirasierra-Paco De Lucía,40.499759,-3.709251,3.914,46.877,madrid,Madrid,,
10T0062C8a,C8a,Chamartín - Clara Campoamor             -El Escorial,,3,97100,Pitis,40.495417,-3.726160,5.423,46.877,madrid,Madrid,,
10T0062C8a,C8a,Chamartín - Clara Campoamor             -El Escorial,,4,10100,Pinar De Las Rozas,40.522267,-3.882248,18.953,46.877,madrid,Madrid,,
10T0062C8a,C8a,Chamartín - Clara Campoamor             -El Escorial,,5,10101,Las Matas,40.552387,-3.896766,22.519,46.877,madrid,Madrid,,
10T0062C8a,C8a,Chamartín - Clara Campoamor             -El Escorial,,6,10103,Torrelodones,40.574554,-3.956601,28.143,46.877,madrid,Madrid,,
10T0062C8a,C8a,Chamartín - Clara Campoamor             -El Escorial,,7,10104,Galapagar-La Navata,40.600314,-3.982259,31.734,46.877,madrid,Madrid,,
10T0062C8a,C8a,Chamartín - Clara Campoamor             -El Escorial,,8,10200,Villalba De Guadarrama,40.626489,-4.008030,35.368,46.877,madrid,Madrid,,
10T0062C8a,C8a,Chamartín - Clara Campoamor             -El Escorial,,9,10201,San Yago,40.617895,-4.031075,37.535,46.877,madrid,Madrid,,
10T0062C8a,C8a,Chamartín - Clara Campoamor             -El Escorial,,10,10202,Las Zorreras-Navalquejigo,40.609312,-4.046363,39.140,46.877,madrid,Madrid,,
10T0062C8a,C8a,Chamartín - Clara Campoamor             -El Escorial,,11,10203,El Escorial,40.585367,-4.132405,46.877,46.877,madrid,Madrid,,
10T0064C10,C10,Principe Pio                            -El Escorial,,0,10000,Madrid-Príncipe Pío,40.421489,-3.718969,0.000,14.015,madrid,Madrid,,
10T0064C10,C10,Principe Pio                            -El Escorial,,1,18005,Pirámides,40.402534,-3.711362,2.204,14.015,madrid,Madrid,,
10T0064C10,C10,Principe Pio                            -El Escorial,,2,18004,Delicias,40.400438,-3.692777,3.795,14.015,madrid,Madrid,,
10T0064C10,C10,Principe Pio                            -El Escorial,,3,18003,Méndez álvaro P.v.,40.395777,-3.677844,5.161,14.015,madrid,Madrid,,
10T0064C10,C10,Principe Pio                            -El Escorial,,4,18000,Madrid-Atocha Cercanías,40.406619,-3.689439,6.716,14.015,madrid,Madrid,,
10T0064C10,C10,Principe Pio                            -El Escorial,,5,18001,Madrid-Recoletos,40.423373,-3.690931,8.584,14.015,madrid,Madrid,,
10T0064C10,C10,Principe Pio                            -El Escorial,,6,18002,Madrid-Nuevos Ministerios,40.446627,-3.692347,11.172,14.015,madrid,Madrid,,
10T0064C10,C10,Principe Pio                            -El Escorial,,7,17000,Madrid-Chamartín-Clara Campoamor,40.471179,-3.682952,14.015,14.015,madrid,Madrid,,
10T0071C10,C10,Pozuelo                                 -Pitis,,0,10002,Pozuelo,40.447457,-3.800278,0.000,21.650,madrid,Madrid,,
10T0071C10,C10,Pozuelo                                 -Pitis,,1,10001,Aravaca,40.448455,-3.785555,1.251,21.650,madrid,Madrid,,
10T0071C10,C10,Pozuelo                                 -Pitis,,2,10000,Madrid-Príncipe Pío,40.421489,-3.718969,7.634,21.650,madrid,Madrid,,
10T0071C10,C10,Pozuelo                                 -Pitis,,3,18005,Pirámides,40.402534,-3.711362,9.838,21.650,madrid,Madrid,,
10T0071C10,C10,Pozuelo                                 -Pitis,,4,18004,Delicias,40.400438,-3.692777,11.429,21.650,madrid,Madrid,,
10T0071C10,C10,Pozuelo                                 -Pitis,,5,18003,Méndez álvaro P.v.,40.395777,-3.677844,12.796,21.650,madrid,Madrid,,
10T0071C10,C10,Pozuelo                                 -Pitis,,6,18000,Madrid-Atocha Cercanías,40.406619,-3.689439,14.351,21.650,madrid,Madrid,,
10T0071C10,C10,Pozuelo                                 -Pitis,,7,18001,Madrid-Recoletos,40.423373,-3.690931,16.218,21.650,madrid,Madrid,,
10T0071C10,C10,Pozuelo                                 -Pitis,,8,18002,Madrid-Nuevos Ministerios,40.446627,-3.692347,18.806,21.650,madrid,Madrid,,
10T0071C10,C10,Pozuelo                                 -Pitis,,9,17000,Madrid-Chamartín-Clara Campoamor,40.471179,-3.682952,21.650,21.650,madrid,Madrid,,
10T0072C10,C10,Pitis                                   -Pozuelo,,0,17000,Madrid-Chamartín-Clara Campoamor,40.471179,-3.682952,0.000,21.650,madrid,Madrid,,
10T0072C10,C10,Pitis                                   -Pozuelo,,1,18002,Madrid-Nuevos Ministerios,40.446627,-3.692347,2.843,21.650,madrid,Madrid,,
10T0072C10,C10,Pitis                                   -Pozuelo,,2,18001,Madrid-Recoletos,40.423373,-3.690931,5.432,21.650,madrid,Madrid,,
10T0072C10,C10,Pitis                                   -Pozuelo,,3,18000,Madrid-Atocha Cercanías,40.406619,-3.689439,7.299,21.650,madrid,Madrid,,
10T0072C10,C10,Pitis                                   -Pozuelo,,4,18003,Méndez álvaro P.v.,40.395777,-3.677844,8.854,21.650,madrid,Madrid,,
10T0072C10,C10,Pitis                                   -Pozuelo,,5,18004,Delicias,40.400438,-3.692777,10.221,21.650,madrid,Madrid,,
10T0072C10,C10,Pitis                                   -Pozuelo,,6,18005,Pirámides,40.402534,-3.711362,11.812,21.650,madrid,Madrid,,
10T0072C10,C10,Pitis                                   -Pozuelo,,7,10000,Madrid-Príncipe Pío,40.421489,-3.718969,14.015,21.650,madrid,Madrid,,
10T0072C10,C10,Pitis                                   -Pozuelo,,8,10001,Aravaca,40.448455,-3.785555,20.399,21.650,madrid,Madrid,,
10T0072C10,C10,Pitis                                   -Pozuelo,,9,10002,Pozuelo,40.447457,-3.800278,21.650,21.650,madrid,Madrid,,
10T0075C10,C10,Torrelodones                            -Chamartín - Clara Campoamor,,0,10100,Pinar De Las Rozas,40.522267,-3.882248,0.000,33.377,madrid,Madrid,,
10T0075C10,C10,Torrelodones                            -Chamartín - Clara Campoamor,,1,10005,Las Rozas,40.494289,-3.868175,3.331,33.377,madrid,Madrid,,
10T0075C10,C10,Torrelodones                            -Chamartín - Clara Campoamor,,2,10007,Majadahonda,40.474289,-3.846293,6.224,33.377,madrid,Madrid,,
10T0075C10,C10,Torrelodones                            -Chamartín - Clara Campoamor,,3,10010,El Barrial-Centro Comercial Pozuelo,40.465392,-3.807685,9.636,33.377,madrid,Madrid,,
10T0075C10,C10,Torrelodones                            -Chamartín - Clara Campoamor,,4,10002,Pozuelo,40.447457,-3.800278,11.727,33.377,madrid,Madrid,,
10T0075C10,C10,Torrelodones                            -Chamartín - Clara Campoamor,,5,10001,Aravaca,40.448455,-3.785555,12.978,33.377,madrid,Madrid,,
10T0075C10,C10,Torrelodones                            -Chamartín - Clara Campoamor,,6,10000,Madrid-Príncipe Pío,40.421489,-3.718969,19.361,33.377,madrid,Madrid,,
10T0075C10,C10,Torrelodones                            -Chamartín - Clara Campoamor,,7,18005,Pirámides,40.402534,-3.711362,21.565,33.377,madrid,Madrid,,
10T0075C10,C10,Torrelodones                            -Chamartín - Clara Campoamor,,8,18004,Delicias,40.400438,-3.692777,23.156,33.377,madrid,Madrid,,
10T0075C10,C10,Torrelodones                            -Chamartín - Clara Campoamor,,9,18003,Méndez álvaro P.v.,40.395777,-3.677844,24.523,33.377,madrid,Madrid,,
10T0075C10,C10,Torrelodones                            -Chamartín - Clara Campoamor,,10,18000,Madrid-Atocha Cercanías,40.406619,-3.689439,26.078,33.377,madrid,Madrid,,
10T0075C10,C10,Torrelodones                            -Chamartín - Clara Campoamor,,11,18001,Madrid-Recoletos,40.423373,-3.690931,27.945,33.377,madrid,Madrid,,
10T0075C10,C10,Torrelodones                            -Chamartín - Clara Campoamor,,12,18002,Madrid-Nuevos Ministerios,40.446627,-3.692347,30.533,33.377,madrid,Madrid,,
10T0075C10,C10,Torrelodones                            -Chamartín - Clara Campoamor,,13,17000,Madrid-Chamartín-Clara Campoamor,40.471179,-3.682952,33.377,33.377,madrid,Madrid,,
10T0076C10,C10,Chamartín - Clara Campoamor             -Torrelodones,,0,17000,Madrid-Chamartín-Clara Campoamor,40.471179,-3.682952,0.000,33.377,madrid,Madrid,,
10T0076C10,C10,Chamartín - Clara Campoamor             -Torrelodones,,1,18002,Madrid-Nuevos Ministerios,40.446627,-3.692347,2.843,33.377,madrid,Madrid,,
10T0076C10,C10,Chamartín - Clara Campoamor             -Torrelodones,,2,18001,Madrid-Recoletos,40.423373,-3.690931,5.432,33.377,madrid,Madrid,,
10T0076C10,C10,Chamartín - Clara Campoamor             -Torrelodones,,3,18000,Madrid-Atocha Cercanías,40.406619,-3.689439,7.299,33.377,madrid,Madrid,,
10T0076C10,C10,Chamartín - Clara Campoamor             -Torrelodones,,4,18003,Méndez álvaro P.v.,40.395777,-3.677844,8.854,33.377,madrid,Madrid,,
10T0076C10,C10,Chamartín - Clara Campoamor             -Torrelodones,,5,18004,Delicias,40.400438,-3.692777,10.221,33.377,madrid,Madrid,,
10T0076C10,C10,Chamartín - Clara Campoamor             -Torrelodones,,6,18005,Pirámides,40.402534,-3.711362,11.812,33.377,madrid,Madrid,,
10T0076C10,C10,Chamartín - Clara Campoamor             -Torrelodones,,7,10000,Madrid-Príncipe Pío,40.421489,-3.718969,14.015,33.377,madrid,Madrid,,
10T0076C10,C10,Chamartín - Clara Campoamor             -Torrelodones,,8,10001,Aravaca,40.448455,-3.785555,20.399,33.377,madrid,Madrid,,
10T0076C10,C10,Chamartín - Clara Campoamor             -Torrelodones,,9,10002,Pozuelo,40.447457,-3.800278,21.650,33.377,madrid,Madrid,,
10T0076C10,C10,Chamartín - Clara Campoamor             -Torrelodones,,10,10010,El Barrial-Centro Comercial Pozuelo,40.465392,-3.807685,23.740,33.377,madrid,Madrid,,
10T0076C10,C10,Chamartín - Clara Campoamor             -Torrelodones,,11,10007,Majadahonda,40.474289,-3.846293,27.153,33.377,madrid,Madrid,,
10T0076C10,C10,Chamartín - Clara Campoamor             -Torrelodones,,12,10005,Las Rozas,40.494289,-3.868175,30.046,33.377,madrid,Madrid,,
10T0076C10,C10,Chamartín - Clara Campoamor             -Torrelodones,,13,10100,Pinar De Las Rozas,40.522267,-3.882248,33.377,33.377,madrid,Madrid,,
10T0087C8b,C8b,Chamartín - Clara Campoamor             -Cercedilla,,0,17000,Madrid-Chamartín-Clara Campoamor,40.471179,-3.682952,0.000,49.947,madrid,Madrid,,
10T0087C8b,C8b,Chamartín - Clara Campoamor             -Cercedilla,,1,97201,Madrid-Ramón Y Cajal,40.488147,-3.694804,2.137,49.947,madrid,Madrid,,
10T0087C8b,C8b,Chamartín - Clara Campoamor             -Cercedilla,,2,97200,Mirasierra-Paco De Lucía,40.499759,-3.709251,3.914,49.947,madrid,Madrid,,
10T0087C8b,C8b,Chamartín - Clara Campoamor             -Cercedilla,,3,97100,Pitis,40.495417,-3.726160,5.423,49.947,madrid,Madrid,,
10T0087C8b,C8b,Chamartín - Clara Campoamor             -Cercedilla,,4,10100,Pinar De Las Rozas,40.522267,-3.882248,18.953,49.947,madrid,Madrid,,
10T0087C8b,C8b,Chamartín - Clara Campoamor             -Cercedilla,,5,10101,Las Matas,40.552387,-3.896766,22.519,49.947,madrid,Madrid,,
10T0087C8b,C8b,Chamartín - Clara Campoamor             -Cercedilla,,6,10103,Torrelodones,40.574554,-3.956601,28.143,49.947,madrid,Madrid,,
10T0087C8b,C8b,Chamartín - Clara Campoamor             -Cercedilla,,7,10104,Galapagar-La Navata,40.600314,-3.982259,31.734,49.947,madrid,Madrid,,
10T0087C8b,C8b,Chamartín - Clara Campoamor             -Cercedilla,,8,10200,Villalba De Guadarrama,40.626489,-4.008030,35.368,49.947,madrid,Madrid,,
10T0087C8b,C8b,Chamartín - Clara Campoamor             -Cercedilla,,9,12001,Los Negrales,40.638567,-4.021875,37.148,49.947,madrid,Madrid,,
10T0087C8b,C8b,Chamartín - Clara Campoamor             -Cercedilla,,10,12002,Alpedrete,40.658104,-4.034972,39.585,49.947,madrid,Madrid,,
10T0087C8b,C8b,Chamartín - Clara Campoamor             -Cercedilla,,11,12004,Collado Mediano,40.692898,-4.035927,43.455,49.947,madrid,Madrid,,
10T0087C8b,C8b,Chamartín - Clara Campoamor             -Cercedilla,,12,12005,Los Molinos-Guadarrama,40.706641,-4.067199,46.502,49.947,madrid,Madrid,,
10T0087C8b,C8b,Chamartín - Clara Campoamor             -Cercedilla,,13,12006,Cercedilla,40.737613,-4.066299,49.947,49.947,madrid,Madrid,,
10T0088C8b,C8b,Cercedilla                              -Chamartín - Clara Campoamor,,0,12006,Cercedilla,40.737613,-4.066299,0.000,49.947,madrid,Madrid,,
10T0088C8b,C8b,Cercedilla                              -Chamartín - Clara Campoamor,,1,12005,Los Molinos-Guadarrama,40.706641,-4.067199,3.445,49.947,madrid,Madrid,,
10T0088C8b,C8b,Cercedilla                              -Chamartín - Clara Campoamor,,2,12004,Collado Mediano,40.692898,-4.035927,6.492,49.947,madrid,Madrid,,
10T0088C8b,C8b,Cercedilla                              -Chamartín - Clara Campoamor,,3,12002,Alpedrete,40.658104,-4.034972,10.362,49.947,madrid,Madrid,,
10T0088C8b,C8b,Cercedilla                              -Chamartín - Clara Campoamor,,4,12001,Los Negrales,40.638567,-4.021875,12.799,49.947,madrid,Madrid,,
10T0088C8b,C8b,Cercedilla                              -Chamartín - Clara Campoamor,,5,10200,Villalba De Guadarrama,40.626489,-4.008030,14.579,49.947,madrid,Madrid,,
10T0088C8b,C8b,Cercedilla                              -Chamartín - Clara Campoamor,,6,10104,Galapagar-La Navata,40.600314,-3.982259,18.213,49.947,madrid,Madrid,,
10T0088C8b,C8b,Cercedilla                              -Chamartín - Clara Campoamor,,7,10103,Torrelodones,40.574554,-3.956601,21.804,49.947,madrid,Madrid,,
10T0088C8b,C8b,Cercedilla                              -Chamartín - Clara Campoamor,,8,10101,Las Matas,40.552387,-3.896766,27.428,49.947,madrid,Madrid,,
10T0088C8b,C8b,Cercedilla                              -Chamartín - Clara Campoamor,,9,10100,Pinar De Las Rozas,40.522267,-3.882248,30.994,49.947,madrid,Madrid,,
10T0088C8b,C8b,Cercedilla                              -Chamartín - Clara Campoamor,,10,97100,Pitis,40.495417,-3.726160,44.524,49.947,madrid,Madrid,,
10T0088C8b,C8b,Cercedilla                              -Chamartín - Clara Campoamor,,11,97200,Mirasierra-Paco De Lucía,40.499759,-3.709251,46.033,49.947,madrid,Madrid,,
10T0088C8b,C8b,Cercedilla                              -Chamartín - Clara Campoamor,,12,97201,Madrid-Ramón Y Cajal,40.488147,-3.694804,47.811,49.947,madrid,Madrid,,
10T0088C8b,C8b,Cercedilla                              -Chamartín - Clara Campoamor,,13,17000,Madrid-Chamartín-Clara Campoamor,40.471179,-3.682952,49.947,49.947,madrid,Madrid,,
